feature_number,CCA_produced,Dictyota_produced,Pocillopora verrucosa_produced,Porites lobata_produced,Turf_produced,dorcierr
1001,no,yes,yes,yes,no,yes
10014,no,yes,no,no,no,yes
10019,no,yes,no,no,no,yes
10036,yes,yes,no,yes,no,yes
10037,yes,no,no,no,no,yes
10041,no,yes,no,no,no,yes
10048,no,yes,yes,no,no,yes
10062,yes,no,yes,no,no,yes
10081,yes,no,no,no,no,yes
10091,no,yes,no,no,no,yes
10108,yes,no,no,no,yes,yes
10109,no,yes,no,no,no,yes
10121,no,yes,no,no,no,yes
10139,yes,no,no,no,no,yes
1014,no,yes,no,no,yes,yes
10146,no,no,yes,yes,no,yes
10155,no,no,yes,no,no,yes
10165,yes,yes,yes,no,yes,yes
10168,yes,yes,yes,yes,yes,yes
10173,no,no,yes,yes,no,yes
10174,no,yes,no,no,no,yes
10205,no,no,yes,no,no,yes
10209,no,yes,no,no,no,yes
10212,yes,yes,no,no,no,yes
10228,no,yes,no,no,no,yes
10231,no,no,yes,no,no,yes
10236,yes,no,no,no,no,yes
10247,no,yes,no,no,no,yes
10250,yes,yes,yes,yes,yes,yes
10252,yes,yes,no,no,yes,yes
10263,no,yes,no,no,no,yes
10268,no,yes,no,no,no,yes
10269,no,yes,no,no,no,yes
10271,no,yes,no,no,no,yes
10273,no,yes,yes,yes,no,yes
10274,no,yes,no,no,no,yes
10275,yes,yes,no,no,no,yes
10280,no,yes,no,no,no,yes
10283,no,yes,no,no,no,yes
10284,no,yes,no,yes,yes,yes
10287,no,yes,no,no,no,yes
10288,no,yes,no,no,no,yes
10289,no,yes,no,no,no,yes
10290,no,yes,no,no,no,yes
10293,yes,yes,no,yes,no,yes
10294,no,yes,yes,no,no,yes
10295,no,yes,no,no,no,yes
10296,no,yes,yes,no,no,yes
10297,no,yes,no,no,no,yes
10299,no,yes,yes,no,no,yes
10300,yes,yes,yes,no,no,yes
10301,no,yes,no,no,no,yes
10302,no,yes,no,no,no,yes
10303,yes,yes,yes,yes,no,yes
10305,yes,yes,yes,no,no,yes
10307,no,yes,yes,no,no,yes
10308,no,yes,no,no,no,yes
10310,no,yes,no,no,no,yes
10312,no,no,yes,yes,no,yes
10313,yes,yes,no,yes,no,yes
10315,no,yes,no,no,no,yes
10316,no,yes,no,no,no,yes
10317,no,yes,yes,yes,no,yes
10320,no,yes,no,no,no,yes
10323,no,yes,no,no,no,yes
10324,no,yes,no,no,no,yes
10327,yes,yes,yes,no,no,yes
10329,no,yes,no,no,no,yes
10330,no,yes,no,no,no,yes
10332,yes,yes,yes,yes,yes,yes
10334,yes,yes,yes,yes,no,yes
10336,no,yes,no,no,no,yes
10337,yes,yes,no,yes,yes,yes
10338,no,yes,yes,no,yes,yes
10339,no,yes,no,no,no,yes
10341,no,yes,no,no,no,yes
10342,yes,yes,yes,yes,no,yes
10343,no,yes,no,no,no,yes
10345,no,yes,no,no,no,yes
10346,no,yes,no,no,no,yes
10347,no,yes,yes,yes,yes,yes
10348,yes,yes,no,no,no,yes
10350,no,yes,no,no,no,yes
10352,yes,yes,no,yes,yes,yes
10353,yes,yes,no,no,no,yes
10354,no,yes,no,no,no,yes
10357,yes,yes,yes,no,yes,yes
10358,no,yes,no,no,no,yes
10362,no,yes,no,no,no,yes
10368,no,yes,no,no,no,yes
10369,no,yes,no,no,no,yes
10370,no,yes,no,no,no,yes
10371,no,yes,yes,no,no,yes
10372,no,yes,no,no,no,yes
10375,no,yes,no,no,no,yes
10376,no,yes,yes,yes,yes,yes
10378,no,yes,no,yes,no,yes
10384,yes,yes,yes,yes,yes,yes
10393,no,yes,no,no,no,yes
10394,yes,yes,yes,yes,yes,yes
10395,no,yes,no,no,no,yes
10396,no,yes,no,no,no,yes
10398,no,yes,no,no,no,yes
10399,no,yes,no,no,no,yes
10407,no,yes,no,yes,no,yes
10408,yes,yes,yes,no,no,yes
10409,yes,yes,no,no,no,yes
10412,no,yes,no,no,no,yes
10413,no,yes,yes,no,no,yes
10420,no,yes,no,no,no,yes
10422,no,yes,yes,yes,no,yes
10424,yes,yes,no,yes,yes,yes
10426,yes,yes,yes,yes,yes,yes
10431,no,yes,no,no,no,yes
10435,no,yes,yes,no,no,yes
10436,no,yes,no,no,no,yes
10441,yes,yes,yes,yes,yes,yes
10445,no,yes,no,no,no,yes
10446,no,yes,yes,no,no,yes
10450,no,yes,no,no,no,yes
10451,yes,yes,no,no,yes,yes
10456,no,yes,yes,yes,no,yes
10457,yes,yes,no,no,no,yes
10459,yes,yes,yes,yes,no,yes
10461,no,no,yes,yes,no,yes
10465,yes,yes,no,yes,no,yes
10466,no,yes,yes,no,no,yes
10468,yes,yes,yes,no,no,yes
10475,no,no,yes,yes,no,yes
10477,yes,yes,no,yes,yes,yes
10480,yes,yes,yes,no,no,yes
10482,no,yes,no,no,no,yes
10483,yes,yes,yes,no,yes,yes
10486,yes,yes,yes,yes,yes,yes
10489,no,yes,no,no,no,yes
10490,no,no,no,yes,no,yes
10491,no,yes,no,no,no,yes
10493,no,yes,no,no,no,yes
10496,no,yes,no,no,no,yes
10502,no,yes,no,no,no,yes
10503,no,yes,yes,no,no,yes
10505,yes,yes,yes,no,no,yes
10508,yes,yes,yes,yes,yes,yes
10509,no,yes,yes,yes,no,yes
10510,yes,yes,yes,yes,yes,yes
10512,no,yes,no,yes,no,yes
10519,yes,yes,no,no,no,yes
10520,no,no,yes,no,no,yes
10521,no,yes,no,no,no,yes
10526,no,yes,no,no,no,yes
10531,no,yes,no,no,no,yes
10533,yes,yes,yes,yes,yes,yes
10535,no,yes,yes,yes,yes,yes
10537,yes,yes,no,yes,yes,yes
10538,yes,yes,yes,no,yes,yes
10539,yes,yes,yes,yes,yes,yes
10541,no,yes,no,no,no,yes
10544,no,yes,no,no,no,yes
10550,no,yes,no,no,no,yes
10556,no,yes,no,no,no,yes
10557,yes,yes,yes,yes,yes,yes
10565,yes,yes,no,yes,yes,yes
10569,no,yes,no,no,no,yes
10570,no,yes,no,no,no,yes
10572,no,no,yes,no,no,yes
10574,no,yes,yes,yes,no,yes
10580,no,no,yes,no,no,yes
10582,no,yes,no,yes,no,yes
10591,no,yes,no,no,no,yes
10593,no,yes,no,no,no,yes
10595,no,yes,no,no,no,yes
10597,no,yes,no,no,no,yes
10599,no,yes,no,no,no,yes
10601,no,yes,no,no,yes,yes
10602,yes,yes,no,yes,no,yes
10603,no,yes,no,no,no,yes
10604,no,no,yes,no,no,yes
10605,no,yes,no,no,no,yes
10608,no,yes,no,no,no,yes
10609,no,yes,no,no,yes,yes
10610,no,yes,no,no,no,yes
10613,no,yes,yes,yes,yes,yes
10614,no,yes,no,no,no,yes
10615,no,yes,no,no,no,yes
10616,no,yes,no,no,no,yes
10617,no,yes,no,no,no,yes
10619,no,yes,no,no,no,yes
10620,no,yes,no,no,no,yes
10621,yes,yes,yes,no,yes,yes
10622,no,yes,no,no,no,yes
10624,no,yes,no,no,no,yes
10629,no,yes,no,no,no,yes
10631,no,yes,no,no,no,yes
10632,no,no,no,yes,no,yes
10633,no,yes,no,yes,no,yes
10634,no,yes,no,no,no,yes
10639,no,yes,no,no,no,yes
10640,no,yes,no,no,no,yes
10641,no,yes,no,no,no,yes
10642,yes,yes,no,no,no,yes
10643,no,yes,no,no,no,yes
10644,no,yes,no,no,no,yes
10645,no,yes,no,no,yes,yes
10646,no,yes,no,no,no,yes
10647,no,yes,no,no,no,yes
10648,no,yes,no,no,no,yes
10649,no,yes,yes,yes,yes,yes
10650,no,yes,no,no,no,yes
10651,no,yes,no,no,no,yes
10652,no,yes,no,no,no,yes
10654,no,yes,no,no,no,yes
10655,no,yes,no,no,no,yes
10656,no,yes,no,no,no,yes
10657,no,yes,no,no,yes,yes
10659,no,no,yes,no,no,yes
10660,no,yes,yes,yes,no,yes
10664,no,yes,no,no,no,yes
10666,no,yes,no,no,no,yes
10667,no,yes,no,no,no,yes
10669,no,yes,no,yes,no,yes
10670,yes,yes,no,no,no,yes
10671,no,yes,no,no,no,yes
10672,no,yes,no,no,no,yes
10673,no,yes,no,no,no,yes
10676,no,yes,no,no,no,yes
10677,no,yes,no,no,no,yes
10678,no,yes,no,no,no,yes
10679,no,yes,no,no,no,yes
10684,no,yes,no,no,no,yes
10686,no,yes,no,no,no,yes
10687,no,yes,no,no,no,yes
10689,no,yes,no,no,no,yes
10691,no,yes,no,no,no,yes
10695,no,yes,no,no,no,yes
10696,no,yes,no,no,no,yes
10697,no,yes,no,no,no,yes
10699,no,yes,no,no,no,yes
10702,no,yes,no,no,no,yes
10704,no,yes,no,no,no,yes
10705,no,yes,no,no,no,yes
10706,yes,yes,yes,no,yes,yes
10713,no,yes,no,no,no,yes
10715,yes,yes,yes,no,yes,yes
10716,no,yes,no,no,no,yes
10718,no,yes,no,no,no,yes
10719,no,yes,no,no,no,yes
10720,no,yes,no,no,no,yes
10728,no,yes,yes,no,no,yes
10731,yes,yes,no,no,no,yes
10732,no,yes,yes,no,no,yes
10734,no,yes,no,no,no,yes
10739,no,yes,no,no,no,yes
10741,yes,yes,no,no,no,yes
10752,no,yes,no,no,no,yes
10755,no,yes,yes,yes,no,yes
10757,yes,yes,no,no,no,yes
10760,no,yes,yes,yes,no,yes
10763,yes,yes,yes,no,no,yes
10764,no,yes,no,no,no,yes
10771,yes,yes,yes,yes,yes,yes
10772,no,yes,no,no,no,yes
10773,no,yes,no,no,no,yes
10775,no,yes,no,no,no,yes
10779,no,yes,no,no,no,yes
10783,yes,yes,no,no,no,yes
10784,no,yes,no,no,no,yes
10787,no,yes,no,no,no,yes
10796,no,yes,no,no,no,yes
10797,yes,yes,yes,yes,yes,yes
10801,no,yes,no,no,no,yes
10805,yes,yes,no,no,no,yes
10806,no,yes,no,yes,no,yes
10808,yes,yes,yes,no,yes,yes
10809,no,yes,no,no,no,yes
10810,yes,yes,no,yes,yes,yes
10813,yes,yes,no,yes,yes,yes
10818,no,yes,no,no,yes,yes
10823,no,yes,no,no,no,yes
10824,no,yes,no,no,yes,yes
10831,no,yes,no,no,no,yes
10834,no,yes,no,no,no,yes
10837,no,yes,no,no,no,yes
10838,yes,yes,yes,yes,no,yes
10839,yes,yes,yes,no,no,yes
10840,no,yes,no,no,no,yes
10844,no,yes,no,no,no,yes
10852,no,yes,no,no,no,yes
10857,yes,yes,no,yes,no,yes
10859,yes,yes,yes,no,no,yes
10864,no,yes,yes,no,no,yes
10866,no,yes,no,no,no,yes
10874,yes,yes,no,no,yes,yes
10880,no,yes,no,no,no,yes
10881,no,yes,no,no,no,yes
10883,yes,yes,yes,yes,yes,yes
10886,yes,yes,no,no,yes,yes
10888,no,yes,no,no,no,yes
10889,no,yes,no,no,no,yes
10890,no,yes,no,no,no,yes
10891,no,yes,no,no,no,yes
10894,no,yes,no,no,no,yes
10902,no,yes,no,no,no,yes
10908,yes,yes,yes,yes,yes,yes
10913,no,yes,no,no,no,yes
10915,no,yes,no,no,no,yes
10916,no,no,yes,yes,no,yes
10930,no,yes,no,no,no,yes
10932,no,yes,no,no,no,yes
10935,no,yes,no,no,no,yes
10938,no,yes,no,yes,no,yes
10942,no,yes,no,no,no,yes
10944,no,yes,no,no,no,yes
10945,yes,yes,yes,no,no,yes
10951,no,yes,no,no,no,yes
10954,no,yes,no,no,no,yes
10955,no,yes,no,no,yes,yes
10958,yes,yes,no,no,no,yes
10960,yes,yes,yes,yes,yes,yes
10961,yes,yes,no,no,no,yes
10963,no,yes,no,no,no,yes
10979,no,no,no,yes,no,yes
10985,no,no,no,yes,no,yes
10987,yes,no,yes,yes,no,yes
10989,no,yes,no,no,no,yes
10991,no,yes,no,yes,no,yes
10993,no,yes,yes,yes,yes,yes
10998,no,yes,no,no,no,yes
10999,no,yes,no,no,no,yes
11004,yes,yes,yes,yes,yes,yes
11008,no,yes,no,no,no,yes
11015,no,yes,no,no,no,yes
11016,yes,yes,yes,yes,yes,yes
11019,no,no,yes,yes,no,yes
11020,no,yes,no,yes,no,yes
11026,yes,yes,yes,no,no,yes
11027,no,no,no,yes,no,yes
11029,no,yes,no,no,no,yes
11030,no,yes,no,yes,no,yes
11031,no,yes,no,no,no,yes
11040,yes,yes,no,no,no,yes
11041,no,yes,no,no,no,yes
11051,yes,yes,yes,yes,yes,yes
11063,yes,yes,yes,no,no,yes
11065,yes,yes,yes,no,yes,yes
11067,yes,yes,yes,no,yes,yes
11073,yes,yes,yes,yes,yes,yes
11076,yes,yes,no,no,yes,yes
11078,no,yes,no,no,no,yes
11080,no,no,no,yes,no,yes
11090,yes,no,no,no,no,yes
11091,no,no,yes,no,no,yes
11110,no,yes,no,no,yes,yes
11115,no,no,no,no,yes,yes
11124,no,no,yes,no,no,yes
11130,no,no,yes,no,no,yes
11138,yes,yes,yes,yes,yes,yes
11148,yes,no,yes,yes,yes,yes
11154,yes,yes,yes,yes,yes,yes
11155,yes,no,yes,yes,no,yes
11167,no,yes,yes,no,no,yes
11169,no,no,yes,no,no,yes
11175,yes,no,no,yes,yes,yes
11179,yes,yes,yes,yes,yes,yes
1118,no,no,yes,yes,no,yes
11181,no,yes,no,yes,no,yes
11182,no,no,no,yes,no,yes
11185,no,yes,yes,yes,no,yes
11190,no,no,yes,yes,no,yes
11192,no,no,yes,no,no,yes
11197,no,no,yes,yes,no,yes
11212,no,no,no,no,yes,yes
11214,no,no,yes,yes,no,yes
11232,yes,no,no,yes,no,yes
11234,no,no,yes,no,no,yes
11242,no,no,yes,yes,no,yes
11246,no,yes,no,yes,yes,yes
11247,no,no,yes,no,no,yes
11248,no,no,yes,yes,no,yes
11249,no,no,no,no,yes,yes
11256,no,no,yes,no,no,yes
11259,no,no,yes,yes,no,yes
11260,no,no,yes,yes,no,yes
11263,no,no,yes,no,no,yes
11282,yes,no,yes,yes,no,yes
11287,no,yes,yes,yes,yes,yes
11298,yes,yes,yes,yes,no,yes
11299,yes,no,yes,yes,yes,yes
11302,no,no,no,no,yes,yes
11313,no,no,yes,no,no,yes
11318,yes,yes,yes,yes,no,yes
11320,yes,yes,yes,yes,no,yes
11321,yes,no,yes,yes,yes,yes
11329,no,no,yes,yes,no,yes
11330,no,no,yes,no,no,yes
11336,no,no,yes,yes,yes,yes
11340,no,no,yes,yes,no,yes
11341,yes,no,yes,yes,no,yes
11343,yes,no,yes,yes,yes,yes
11346,yes,yes,yes,yes,yes,yes
11350,no,no,yes,yes,yes,yes
11359,no,no,yes,yes,no,yes
11361,no,yes,no,yes,no,yes
11363,no,no,yes,no,no,yes
11364,no,yes,no,no,no,yes
11365,no,no,yes,yes,no,yes
11366,no,yes,yes,no,no,yes
11367,yes,yes,yes,yes,no,yes
11368,no,no,no,no,yes,yes
11372,no,yes,yes,yes,yes,yes
11373,no,no,yes,no,no,yes
11378,no,yes,no,no,no,yes
11389,no,no,yes,no,no,yes
11391,no,no,yes,no,no,yes
11394,yes,no,no,no,no,yes
11403,no,no,yes,yes,no,yes
11404,no,no,yes,yes,no,yes
11418,no,no,yes,no,no,yes
11422,yes,yes,yes,yes,no,yes
11423,yes,yes,yes,no,no,yes
11430,yes,yes,yes,no,yes,yes
11435,no,no,yes,no,no,yes
11436,yes,yes,no,yes,yes,yes
11439,yes,no,no,no,no,yes
11441,yes,yes,no,yes,yes,yes
11447,yes,yes,yes,yes,no,yes
11453,no,yes,no,no,yes,yes
11463,no,yes,no,no,no,yes
11466,no,no,yes,no,no,yes
11483,no,yes,no,no,no,yes
11492,yes,no,yes,yes,no,yes
11500,yes,yes,yes,yes,no,yes
11502,no,yes,no,yes,no,yes
11506,yes,no,yes,no,no,yes
11512,yes,no,yes,yes,no,yes
11516,yes,yes,yes,yes,yes,yes
11517,yes,no,yes,no,no,yes
11523,no,no,yes,yes,no,yes
11527,yes,yes,yes,yes,yes,yes
11528,yes,no,yes,no,no,yes
11529,no,no,no,no,yes,yes
11535,yes,no,yes,yes,no,yes
11536,no,no,yes,no,no,yes
11537,no,no,yes,no,no,yes
11538,no,yes,no,no,no,yes
11544,no,no,yes,yes,no,yes
11550,no,no,yes,no,no,yes
11558,yes,yes,yes,yes,yes,yes
11559,no,no,yes,no,no,yes
11561,no,no,yes,yes,no,yes
11565,no,no,no,no,yes,yes
11567,no,no,yes,no,no,yes
11573,yes,no,yes,no,yes,yes
11575,yes,yes,yes,yes,yes,yes
11580,no,no,yes,yes,yes,yes
11582,yes,yes,yes,yes,yes,yes
11595,no,yes,no,no,yes,yes
11599,yes,no,no,yes,no,yes
11600,yes,no,yes,yes,no,yes
11606,no,no,yes,no,no,yes
11607,no,no,yes,yes,yes,yes
11615,no,no,yes,no,no,yes
11616,yes,no,yes,no,no,yes
11618,no,yes,yes,yes,yes,yes
11622,yes,no,yes,yes,no,yes
11633,yes,yes,yes,yes,yes,yes
11635,no,no,yes,no,no,yes
11638,no,no,no,yes,no,yes
11641,no,no,no,yes,no,yes
11648,yes,no,no,yes,yes,yes
11649,no,yes,yes,no,no,yes
11654,yes,no,no,no,no,yes
11658,no,no,no,no,yes,yes
11660,no,no,yes,no,no,yes
11666,no,no,yes,yes,no,yes
11667,yes,no,no,yes,yes,yes
11670,no,no,yes,yes,no,yes
11673,yes,no,yes,yes,no,yes
11677,no,no,yes,yes,no,yes
11679,no,no,no,no,yes,yes
11685,no,no,yes,no,no,yes
11694,no,yes,yes,no,no,yes
11703,no,no,yes,no,no,yes
11709,no,no,yes,no,no,yes
11716,no,yes,yes,yes,no,yes
11724,no,no,no,no,yes,yes
11726,no,no,yes,no,no,yes
11727,no,yes,yes,yes,no,yes
11730,yes,yes,no,yes,yes,yes
11748,no,no,yes,no,yes,yes
11751,no,yes,yes,yes,no,yes
11752,yes,yes,yes,yes,yes,yes
11756,yes,no,yes,yes,yes,yes
11783,no,no,yes,yes,no,yes
11785,yes,no,yes,yes,yes,yes
11789,no,yes,no,no,yes,yes
11791,no,no,yes,no,no,yes
11797,yes,yes,yes,yes,yes,yes
11799,no,no,yes,no,no,yes
11804,no,yes,no,no,no,yes
11814,no,no,yes,no,no,yes
11818,yes,yes,yes,no,yes,yes
11820,no,no,no,yes,no,yes
11835,yes,no,yes,no,yes,yes
11843,yes,yes,no,yes,no,yes
11850,no,no,yes,no,no,yes
11857,no,yes,no,no,no,yes
11865,yes,no,yes,no,yes,yes
11872,yes,yes,yes,yes,yes,yes
11874,no,no,yes,no,no,yes
11881,yes,no,yes,yes,yes,yes
11894,no,yes,yes,yes,no,yes
11897,no,yes,yes,no,no,yes
11901,no,no,yes,yes,no,yes
11904,no,yes,yes,no,no,yes
11908,no,yes,no,no,no,yes
11916,yes,no,yes,yes,yes,yes
11935,no,no,no,yes,no,yes
11937,no,no,yes,yes,no,yes
11946,no,yes,no,no,yes,yes
11963,no,no,yes,no,no,yes
11969,no,yes,no,no,no,yes
11975,yes,yes,yes,yes,no,yes
11980,no,no,yes,no,no,yes
11984,yes,yes,yes,no,yes,yes
11988,yes,yes,no,no,no,yes
12006,no,no,yes,yes,yes,yes
12017,yes,yes,no,yes,yes,yes
12018,no,yes,yes,yes,yes,yes
12021,yes,no,no,yes,yes,yes
12023,yes,yes,no,no,yes,yes
12033,no,no,no,no,yes,yes
12034,no,no,no,no,yes,yes
12040,no,no,no,no,yes,yes
12045,no,no,no,no,yes,yes
12060,no,no,no,yes,no,yes
12068,no,no,yes,no,no,yes
12072,no,yes,no,yes,no,yes
12073,no,yes,no,no,no,yes
12079,no,yes,no,no,no,yes
12080,yes,no,yes,no,no,yes
12086,no,yes,no,no,no,yes
12091,no,yes,no,no,no,yes
12092,no,yes,no,no,no,yes
12094,no,yes,no,no,no,yes
12097,yes,yes,yes,no,yes,yes
12098,no,no,yes,no,no,yes
12099,no,yes,no,no,no,yes
12102,no,yes,no,no,no,yes
12103,yes,yes,no,no,no,yes
12105,no,yes,yes,no,yes,yes
12106,no,yes,no,no,no,yes
12111,yes,yes,no,yes,yes,yes
12114,no,yes,no,no,no,yes
12118,no,yes,no,no,no,yes
12119,yes,yes,yes,yes,no,yes
12129,yes,yes,yes,yes,no,yes
12132,yes,yes,yes,yes,no,yes
12135,no,no,yes,no,no,yes
12137,yes,no,no,no,no,yes
12143,no,yes,no,no,no,yes
12147,yes,yes,no,no,no,yes
12152,yes,yes,no,no,no,yes
12156,no,yes,no,no,no,yes
12159,yes,yes,yes,yes,yes,yes
12161,yes,yes,yes,yes,no,yes
12169,no,yes,yes,no,no,yes
12171,no,yes,no,no,no,yes
12174,yes,yes,yes,yes,yes,yes
12177,no,yes,yes,yes,yes,yes
12180,no,no,yes,yes,no,yes
12203,no,yes,no,no,no,yes
12209,no,no,yes,no,no,yes
12232,no,yes,no,no,no,yes
12246,no,yes,no,no,no,yes
12261,yes,no,yes,yes,no,yes
12301,no,no,yes,no,no,yes
12308,no,no,yes,no,no,yes
12311,no,no,yes,no,no,yes
12327,yes,no,yes,yes,no,yes
12334,yes,no,no,no,no,yes
12337,yes,yes,no,yes,no,yes
12347,no,yes,yes,yes,yes,yes
12355,no,no,yes,no,no,yes
12359,no,no,yes,no,no,yes
12361,no,yes,no,no,no,yes
12363,yes,no,no,no,no,yes
12376,yes,yes,yes,no,no,yes
12384,no,yes,no,no,no,yes
12385,yes,yes,yes,no,yes,yes
12386,yes,no,no,no,yes,yes
12387,no,no,yes,no,no,yes
12392,yes,yes,yes,yes,yes,yes
12407,no,yes,no,yes,yes,yes
12413,yes,no,yes,yes,yes,yes
12422,no,no,yes,yes,no,yes
12440,no,no,no,yes,no,yes
12452,yes,no,no,no,yes,yes
12468,no,no,yes,yes,no,yes
12471,yes,yes,yes,no,yes,yes
12478,yes,no,no,no,no,yes
12484,no,yes,no,no,no,yes
12487,yes,yes,yes,yes,yes,yes
12492,no,no,no,no,yes,yes
12504,no,no,yes,yes,no,yes
12506,yes,yes,no,yes,yes,yes
12512,no,no,yes,no,no,yes
12519,no,yes,yes,yes,yes,yes
12521,no,no,no,yes,no,yes
12560,no,no,no,no,yes,yes
12562,no,yes,yes,no,no,yes
12564,no,no,yes,yes,yes,yes
12568,yes,no,yes,yes,no,yes
12571,no,yes,no,no,no,yes
12589,no,yes,yes,no,no,yes
12591,no,yes,no,no,no,yes
12614,no,yes,no,no,no,yes
12617,no,yes,no,no,no,yes
12618,no,yes,yes,yes,no,yes
12620,no,yes,no,no,no,yes
12622,no,yes,no,no,no,yes
12624,no,yes,no,no,no,yes
12625,no,yes,no,no,no,yes
12630,no,yes,no,no,no,yes
12631,no,yes,no,no,no,yes
12633,no,yes,no,no,no,yes
12635,no,yes,no,no,no,yes
12637,no,yes,no,no,no,yes
12644,no,yes,no,no,no,yes
12646,no,yes,no,no,no,yes
12647,yes,yes,yes,yes,yes,yes
12651,no,yes,no,no,no,yes
12652,no,yes,no,no,no,yes
12655,no,yes,no,no,no,yes
12657,no,yes,yes,no,no,yes
12663,no,yes,no,no,no,yes
12667,no,yes,no,no,no,yes
12668,no,yes,no,no,no,yes
12671,no,yes,no,no,no,yes
12672,no,yes,no,no,no,yes
12677,no,yes,no,no,no,yes
12678,no,yes,no,no,no,yes
12679,yes,yes,yes,no,yes,yes
12689,yes,yes,yes,yes,yes,yes
12690,yes,yes,no,yes,yes,yes
12693,no,yes,no,no,no,yes
12696,no,yes,no,no,no,yes
12697,yes,yes,no,no,no,yes
12700,yes,yes,yes,yes,no,yes
12702,yes,yes,yes,yes,no,yes
12707,no,yes,yes,yes,no,yes
12709,yes,yes,yes,yes,yes,yes
12710,no,yes,yes,no,no,yes
12716,yes,yes,no,no,no,yes
12718,no,yes,yes,no,no,yes
12719,no,yes,no,yes,no,yes
12721,no,yes,no,no,no,yes
12722,yes,yes,yes,yes,yes,yes
12724,yes,no,no,no,no,yes
12727,no,yes,no,no,no,yes
12730,yes,yes,yes,no,yes,yes
12735,yes,yes,yes,yes,yes,yes
12738,yes,yes,yes,yes,yes,yes
12746,yes,yes,yes,yes,no,yes
12747,yes,yes,yes,no,no,yes
12752,no,yes,no,no,no,yes
12757,yes,yes,no,no,yes,yes
12758,yes,yes,no,no,no,yes
12760,yes,no,no,no,no,yes
12774,no,yes,no,no,no,yes
12776,no,yes,no,no,no,yes
12777,no,yes,no,no,no,yes
12781,no,yes,no,no,no,yes
12782,no,yes,no,no,no,yes
12786,no,yes,yes,yes,no,yes
12792,yes,yes,no,no,yes,yes
12794,no,yes,no,no,no,yes
12795,no,yes,no,no,no,yes
12800,yes,yes,yes,yes,no,yes
12803,no,no,no,yes,no,yes
12804,no,yes,no,yes,no,yes
12805,yes,yes,no,no,no,yes
12806,no,yes,no,no,no,yes
12807,no,yes,yes,yes,no,yes
12817,yes,yes,yes,yes,yes,yes
12818,yes,yes,no,yes,no,yes
12835,no,yes,no,no,yes,yes
12838,yes,no,no,no,no,yes
12844,yes,no,no,no,no,yes
12851,yes,no,yes,no,no,yes
12864,yes,yes,yes,no,yes,yes
12869,yes,yes,yes,yes,yes,yes
12883,yes,no,no,no,no,yes
12886,no,no,yes,no,no,yes
12894,no,yes,no,no,no,yes
12898,no,yes,no,no,no,yes
12907,no,yes,yes,no,no,yes
12909,no,yes,yes,no,no,yes
12924,no,yes,no,no,no,yes
12928,yes,yes,yes,yes,no,yes
12933,yes,no,no,no,no,yes
12936,no,yes,no,no,no,yes
12938,yes,yes,no,yes,no,yes
12949,yes,no,yes,no,yes,yes
12953,yes,no,yes,no,no,yes
12963,yes,yes,no,yes,yes,yes
12978,no,no,no,yes,no,yes
12979,yes,no,no,no,no,yes
1301,no,no,yes,no,yes,yes
13015,yes,yes,no,no,no,yes
13023,no,no,no,yes,yes,yes
13025,no,no,no,no,yes,yes
13030,no,no,yes,no,no,yes
13035,no,yes,no,no,no,yes
13040,no,yes,yes,yes,yes,yes
13045,yes,no,yes,no,yes,yes
13051,no,no,no,yes,no,yes
13055,yes,no,no,yes,no,yes
13060,no,yes,yes,yes,no,yes
13062,yes,yes,yes,yes,no,yes
13077,yes,no,no,no,no,yes
13085,no,yes,yes,yes,yes,yes
13092,no,no,yes,yes,yes,yes
13096,no,no,yes,yes,no,yes
13097,yes,no,no,no,no,yes
13098,no,yes,yes,no,no,yes
13099,no,yes,yes,yes,no,yes
13101,yes,no,yes,no,no,yes
13114,no,no,yes,no,no,yes
13115,no,no,yes,no,yes,yes
13117,yes,yes,yes,yes,no,yes
13127,no,no,yes,yes,no,yes
13135,no,no,yes,no,no,yes
13139,no,no,yes,no,no,yes
13158,no,no,yes,no,no,yes
13172,yes,no,yes,yes,no,yes
13174,no,no,yes,no,no,yes
13175,no,no,yes,no,no,yes
13179,no,yes,no,no,no,yes
13182,yes,no,yes,yes,yes,yes
13184,yes,no,yes,yes,no,yes
13187,no,no,no,no,yes,yes
13189,no,no,no,yes,yes,yes
13196,no,no,no,no,yes,yes
13198,no,yes,yes,no,yes,yes
13201,no,yes,yes,yes,yes,yes
13205,yes,no,no,yes,yes,yes
13206,no,yes,no,no,no,yes
13207,no,no,no,yes,no,yes
13209,no,no,yes,no,no,yes
13214,no,no,no,yes,no,yes
13218,no,yes,no,no,no,yes
13226,yes,no,yes,yes,yes,yes
13232,yes,no,no,yes,no,yes
13233,yes,yes,yes,yes,no,yes
13242,no,no,no,yes,yes,yes
13243,no,yes,yes,yes,no,yes
13247,no,no,yes,yes,no,yes
13254,no,no,yes,no,no,yes
13256,no,yes,no,yes,yes,yes
13260,no,no,no,no,yes,yes
13294,no,no,yes,yes,no,yes
13298,yes,yes,no,no,no,yes
13301,no,no,yes,no,no,yes
13311,yes,no,yes,yes,yes,yes
13312,no,no,yes,no,no,yes
13315,no,no,yes,no,no,yes
13318,no,no,yes,no,no,yes
13335,no,no,yes,yes,yes,yes
13342,no,no,yes,yes,no,yes
13365,yes,yes,yes,yes,no,yes
13366,no,yes,yes,yes,no,yes
13373,no,no,yes,no,no,yes
13389,yes,no,yes,no,no,yes
1339,no,no,yes,yes,no,yes
13392,no,no,no,yes,no,yes
13398,no,no,yes,yes,no,yes
13409,yes,no,yes,yes,no,yes
13427,no,no,yes,no,yes,yes
13434,no,yes,yes,no,no,yes
13452,yes,yes,yes,no,yes,yes
13460,no,yes,yes,no,no,yes
13466,yes,yes,yes,no,yes,yes
13486,no,no,yes,no,no,yes
13491,no,no,yes,no,no,yes
13497,no,yes,no,yes,no,yes
13500,no,yes,no,no,no,yes
13517,no,yes,no,yes,yes,yes
13519,no,no,yes,yes,no,yes
13525,no,no,yes,yes,no,yes
13532,no,yes,yes,no,yes,yes
13535,no,no,yes,yes,no,yes
13543,yes,no,yes,yes,no,yes
13546,no,yes,no,yes,no,yes
13553,no,yes,no,no,no,yes
13559,yes,no,no,no,no,yes
13561,yes,no,yes,yes,yes,yes
13568,no,yes,no,no,no,yes
13582,no,yes,no,no,no,yes
13585,no,no,yes,no,no,yes
13588,no,no,yes,yes,yes,yes
13596,no,yes,no,no,no,yes
13609,yes,yes,no,yes,no,yes
13632,yes,no,no,no,no,yes
13678,yes,no,no,no,no,yes
13686,no,yes,no,no,no,yes
13727,yes,no,no,no,no,yes
13756,yes,yes,yes,yes,yes,yes
13824,yes,yes,yes,no,yes,yes
13835,no,no,no,yes,no,yes
13853,no,yes,yes,no,no,yes
13863,no,no,yes,no,no,yes
13881,no,yes,no,no,no,yes
1395,no,yes,yes,yes,no,yes
13951,no,no,yes,yes,no,yes
14003,no,no,yes,no,no,yes
14011,yes,no,no,yes,yes,yes
14015,yes,yes,yes,no,no,yes
14036,no,no,no,yes,no,yes
14046,no,no,yes,yes,no,yes
14057,no,yes,yes,yes,no,yes
14069,yes,yes,yes,yes,yes,yes
14078,yes,yes,no,no,no,yes
14090,yes,no,no,no,no,yes
14094,yes,yes,no,no,no,yes
14096,yes,yes,no,yes,no,yes
14101,no,no,no,no,yes,yes
14107,no,no,yes,no,no,yes
14108,yes,no,no,no,yes,yes
14110,no,no,yes,yes,no,yes
14111,yes,yes,yes,no,no,yes
14114,no,yes,yes,yes,no,yes
14124,yes,no,yes,yes,yes,yes
14127,yes,yes,yes,yes,yes,yes
14141,no,yes,no,no,yes,yes
14145,no,no,no,yes,no,yes
14151,yes,yes,no,yes,yes,yes
14158,no,yes,no,no,no,yes
14161,yes,yes,yes,no,no,yes
14174,no,yes,yes,no,no,yes
14181,no,no,no,yes,no,yes
14191,no,yes,no,no,yes,yes
14193,no,yes,yes,yes,no,yes
14196,no,no,yes,yes,no,yes
14206,yes,no,no,no,no,yes
14215,no,yes,no,no,no,yes
14220,no,no,yes,yes,no,yes
14222,no,no,yes,yes,no,yes
14237,no,yes,no,no,no,yes
14238,no,yes,no,no,no,yes
14243,yes,yes,yes,no,yes,yes
14247,no,no,yes,no,no,yes
14248,yes,yes,yes,yes,yes,yes
14268,no,no,yes,no,no,yes
14269,no,no,yes,no,no,yes
14276,no,yes,no,no,no,yes
14277,no,no,no,no,yes,yes
14281,yes,no,no,no,no,yes
14305,no,yes,no,no,no,yes
14313,no,yes,yes,yes,yes,yes
14320,no,no,yes,no,no,yes
14321,yes,yes,no,yes,no,yes
14339,no,no,no,yes,no,yes
14343,yes,yes,yes,yes,yes,yes
14345,no,yes,no,no,no,yes
14349,no,yes,no,no,yes,yes
14365,no,yes,no,no,no,yes
14372,no,yes,no,yes,no,yes
14402,no,yes,no,no,no,yes
14409,no,no,yes,yes,no,yes
14414,no,yes,no,no,no,yes
14416,yes,yes,no,yes,no,yes
14420,no,no,yes,no,no,yes
14422,yes,no,yes,no,no,yes
14437,yes,no,yes,yes,no,yes
14442,yes,no,no,yes,no,yes
14449,yes,no,yes,yes,no,yes
14480,yes,no,yes,no,yes,yes
14493,no,yes,no,no,no,yes
14496,no,yes,no,no,no,yes
14505,no,no,no,yes,no,yes
14514,yes,yes,no,no,yes,yes
14518,yes,yes,yes,yes,yes,yes
14529,no,yes,no,no,yes,yes
14531,no,yes,yes,yes,yes,yes
14533,no,yes,no,no,no,yes
14537,yes,no,yes,yes,no,yes
14539,no,no,yes,yes,no,yes
14558,no,yes,no,no,no,yes
14566,no,no,no,yes,no,yes
14582,yes,yes,yes,no,yes,yes
14597,no,yes,no,no,no,yes
14604,yes,yes,no,no,yes,yes
14607,no,yes,yes,no,no,yes
14608,no,yes,no,no,yes,yes
14612,no,yes,no,yes,no,yes
14615,no,no,yes,no,no,yes
14621,no,no,yes,no,no,yes
14627,no,yes,no,no,no,yes
14648,no,no,no,no,yes,yes
14654,yes,no,yes,no,yes,yes
14662,no,no,yes,no,no,yes
14668,yes,yes,yes,no,no,yes
14676,no,no,yes,no,no,yes
14682,no,no,yes,no,no,yes
14689,no,yes,no,no,yes,yes
1469,no,yes,no,no,no,yes
14702,yes,yes,no,no,no,yes
14707,yes,yes,yes,no,no,yes
14714,yes,no,yes,no,no,yes
14715,no,no,no,no,yes,yes
14742,yes,yes,no,no,yes,yes
14745,no,no,no,yes,no,yes
14775,no,no,no,yes,no,yes
14776,no,no,no,yes,no,yes
14777,no,no,no,no,yes,yes
14783,no,no,no,no,yes,yes
14807,no,no,no,no,yes,yes
14809,yes,no,no,no,no,yes
14819,no,yes,yes,yes,yes,yes
14824,yes,yes,yes,yes,yes,yes
14839,no,yes,no,no,no,yes
14847,no,no,yes,no,no,yes
14854,no,yes,no,no,no,yes
14856,yes,no,yes,yes,yes,yes
14865,yes,no,no,no,no,yes
14869,no,no,yes,no,no,yes
14874,no,no,yes,no,no,yes
14888,no,no,yes,no,yes,yes
14893,no,yes,yes,no,no,yes
14900,no,yes,yes,no,no,yes
14909,no,yes,no,no,no,yes
14911,no,no,no,yes,no,yes
14913,yes,yes,yes,yes,yes,yes
14915,no,no,no,yes,no,yes
14919,no,no,no,yes,no,yes
14930,no,no,yes,no,no,yes
14934,no,no,no,no,yes,yes
14941,no,yes,yes,yes,yes,yes
14948,yes,yes,yes,no,no,yes
14949,yes,no,no,no,no,yes
14950,yes,no,no,no,no,yes
14961,no,yes,no,no,no,yes
14968,yes,yes,yes,yes,yes,yes
14986,no,no,yes,no,no,yes
14988,no,no,no,yes,no,yes
14993,yes,no,yes,yes,yes,yes
15012,yes,no,no,no,no,yes
15015,yes,no,no,no,no,yes
15027,no,no,yes,no,no,yes
15050,no,no,yes,yes,no,yes
15052,yes,yes,yes,yes,yes,yes
15079,no,yes,yes,no,yes,yes
15080,no,no,yes,no,no,yes
15084,yes,yes,yes,no,yes,yes
15087,no,no,no,yes,no,yes
15101,no,no,yes,yes,no,yes
15111,no,yes,yes,no,no,yes
15112,no,yes,no,no,no,yes
15117,yes,yes,no,no,yes,yes
15119,no,no,yes,yes,no,yes
15127,no,yes,no,no,yes,yes
15128,yes,no,no,no,no,yes
15130,yes,yes,yes,yes,yes,yes
15135,no,yes,no,no,no,yes
15158,no,no,yes,yes,yes,yes
15177,yes,no,yes,no,no,yes
15182,yes,no,no,no,no,yes
15198,yes,no,yes,yes,yes,yes
15209,yes,no,no,no,no,yes
15236,yes,yes,yes,yes,yes,yes
15237,yes,yes,no,yes,yes,yes
15251,no,yes,no,no,no,yes
15260,no,no,no,no,yes,yes
15261,no,yes,no,no,no,yes
15272,no,no,no,yes,no,yes
15286,yes,no,no,yes,no,yes
15289,no,yes,no,no,no,yes
15291,no,no,yes,yes,no,yes
15296,no,yes,no,no,no,yes
15300,no,no,yes,no,no,yes
15309,no,yes,no,no,no,yes
15311,no,no,yes,no,no,yes
15320,no,yes,yes,yes,yes,yes
15323,no,yes,yes,no,no,yes
15325,no,yes,no,no,no,yes
15335,no,yes,no,no,no,yes
15341,no,yes,no,no,no,yes
15357,no,no,yes,no,no,yes
15358,no,yes,no,no,no,yes
15362,yes,no,no,yes,no,yes
15367,yes,no,yes,no,yes,yes
1537,no,yes,no,no,no,yes
15372,yes,yes,yes,yes,no,yes
15373,yes,no,yes,yes,no,yes
15384,yes,no,no,yes,no,yes
15397,yes,yes,no,yes,no,yes
15401,yes,yes,yes,no,no,yes
15403,no,yes,no,no,yes,yes
15404,yes,yes,yes,no,no,yes
15405,yes,yes,yes,no,no,yes
15411,no,no,yes,no,no,yes
15416,yes,yes,yes,yes,no,yes
15420,yes,no,yes,yes,yes,yes
15427,no,no,yes,no,no,yes
15436,no,no,no,yes,no,yes
15438,no,no,yes,yes,no,yes
15445,no,yes,no,no,no,yes
15462,no,yes,no,no,no,yes
15465,yes,yes,yes,yes,no,yes
15466,no,no,yes,yes,no,yes
15474,yes,yes,no,no,no,yes
15479,no,no,no,no,yes,yes
15484,yes,yes,no,yes,no,yes
15487,no,yes,no,no,no,yes
15496,no,no,no,yes,no,yes
15498,no,yes,no,no,no,yes
15507,no,no,no,yes,no,yes
15525,yes,yes,yes,yes,yes,yes
15539,yes,yes,yes,yes,yes,yes
15543,no,yes,no,no,no,yes
15544,no,yes,yes,no,yes,yes
15561,no,yes,no,no,no,yes
15566,no,no,yes,yes,no,yes
15579,no,yes,no,no,no,yes
15583,no,yes,no,no,no,yes
15586,yes,no,yes,yes,yes,yes
15587,no,no,yes,no,no,yes
15589,yes,no,yes,yes,no,yes
15597,no,yes,no,no,no,yes
15601,yes,yes,yes,no,yes,yes
15605,no,no,no,no,yes,yes
15606,yes,yes,yes,yes,yes,yes
15608,no,yes,yes,yes,yes,yes
15610,yes,yes,yes,yes,no,yes
15616,yes,yes,no,yes,yes,yes
15618,no,yes,no,no,no,yes
15621,yes,no,yes,no,no,yes
15623,no,yes,no,no,no,yes
15634,no,yes,no,no,no,yes
15644,no,yes,no,no,no,yes
15654,yes,yes,yes,yes,yes,yes
15657,yes,no,no,yes,yes,yes
15663,yes,no,no,no,no,yes
15666,no,no,yes,yes,no,yes
15689,no,no,yes,no,no,yes
15693,no,yes,no,no,no,yes
15694,yes,yes,yes,yes,yes,yes
15702,yes,yes,yes,yes,yes,yes
15716,no,no,yes,no,no,yes
15725,no,no,yes,no,no,yes
15727,no,yes,no,yes,no,yes
15740,yes,yes,yes,yes,yes,yes
15742,yes,yes,yes,yes,yes,yes
15752,no,yes,no,no,no,yes
15781,no,yes,no,no,no,yes
15782,no,no,no,yes,no,yes
15783,yes,no,no,no,no,yes
15785,no,no,no,yes,no,yes
15798,yes,yes,yes,yes,no,yes
15806,yes,no,yes,yes,yes,yes
15819,yes,yes,yes,yes,yes,yes
15820,no,no,no,no,yes,yes
15822,yes,yes,no,yes,no,yes
15830,no,yes,no,no,yes,yes
15834,yes,no,yes,no,no,yes
15843,no,yes,no,no,no,yes
15850,yes,yes,no,yes,no,yes
15852,no,yes,yes,yes,yes,yes
15857,yes,yes,no,no,yes,yes
15881,no,no,yes,no,no,yes
15883,yes,no,no,no,no,yes
15907,yes,yes,yes,no,yes,yes
15965,no,yes,no,no,no,yes
15972,no,no,no,yes,no,yes
15989,no,no,no,yes,no,yes
15993,no,no,yes,yes,no,yes
15997,yes,yes,no,no,no,yes
16003,yes,no,yes,yes,no,yes
16023,no,no,no,no,yes,yes
16032,no,yes,no,no,no,yes
16035,no,no,no,yes,no,yes
16044,yes,no,yes,no,no,yes
16046,yes,no,yes,no,no,yes
16049,yes,no,no,no,yes,yes
16072,no,no,no,yes,no,yes
1608,no,no,yes,yes,no,yes
16084,no,no,no,yes,no,yes
16088,no,no,no,yes,no,yes
16092,no,no,yes,yes,no,yes
16120,yes,no,yes,yes,no,yes
16123,no,yes,yes,yes,no,yes
16125,yes,yes,no,no,no,yes
16126,no,yes,no,no,no,yes
16132,yes,no,no,no,no,yes
16134,no,no,yes,no,yes,yes
16145,no,yes,no,no,no,yes
16148,yes,yes,yes,no,yes,yes
16187,no,no,yes,no,no,yes
16194,no,no,yes,no,no,yes
16202,no,yes,no,no,no,yes
16214,yes,yes,no,no,no,yes
16216,no,no,no,no,yes,yes
16218,no,yes,yes,no,yes,yes
16219,yes,yes,yes,no,no,yes
16222,yes,no,no,yes,yes,yes
16230,no,yes,no,no,no,yes
16234,yes,yes,yes,yes,yes,yes
16278,no,no,yes,yes,no,yes
16281,yes,no,no,no,yes,yes
16286,no,no,no,yes,no,yes
16287,yes,yes,no,no,no,yes
16292,yes,no,no,no,yes,yes
16293,yes,no,yes,yes,no,yes
16308,yes,no,no,yes,no,yes
16311,no,yes,no,no,no,yes
16316,yes,no,yes,yes,yes,yes
16329,no,no,yes,no,no,yes
16333,no,yes,no,no,no,yes
16339,no,yes,no,no,no,yes
16349,yes,yes,no,yes,no,yes
16376,no,no,no,yes,no,yes
16377,no,yes,no,no,no,yes
16401,no,yes,yes,no,no,yes
16403,yes,yes,yes,yes,yes,yes
16410,no,no,no,yes,no,yes
16412,no,yes,no,no,no,yes
16439,no,no,yes,yes,no,yes
16445,yes,yes,yes,yes,yes,yes
16451,yes,no,no,no,no,yes
16452,no,no,yes,no,no,yes
16458,yes,yes,no,no,yes,yes
16459,no,yes,no,no,no,yes
16466,yes,yes,no,no,no,yes
16469,no,no,no,yes,no,yes
16470,no,yes,no,no,no,yes
16471,no,no,yes,no,no,yes
16493,no,no,yes,yes,no,yes
16494,no,no,yes,no,no,yes
16506,no,yes,no,no,no,yes
16509,no,yes,yes,yes,yes,yes
16510,no,yes,no,no,no,yes
16525,yes,yes,yes,no,yes,yes
16554,no,no,no,yes,no,yes
16592,no,no,no,yes,no,yes
16755,yes,yes,no,yes,no,yes
1678,yes,yes,no,no,no,yes
16787,yes,no,yes,no,yes,yes
16806,yes,no,yes,no,no,yes
16819,no,no,yes,no,no,yes
16846,yes,no,yes,yes,no,yes
16849,no,no,no,yes,no,yes
16863,no,yes,no,no,no,yes
16868,no,no,no,no,yes,yes
16875,no,no,no,no,yes,yes
16880,yes,no,no,no,no,yes
16882,yes,yes,no,yes,no,yes
16887,yes,yes,yes,yes,yes,yes
16888,yes,no,yes,no,yes,yes
16892,no,no,no,no,yes,yes
16899,no,no,yes,yes,no,yes
16907,yes,no,no,no,no,yes
16909,yes,yes,yes,yes,yes,yes
16926,yes,no,no,no,no,yes
16941,yes,yes,no,yes,no,yes
16952,yes,no,no,no,no,yes
16953,yes,yes,yes,yes,yes,yes
16959,no,yes,no,no,no,yes
16984,no,yes,no,no,no,yes
16985,yes,yes,no,no,no,yes
16988,no,yes,yes,yes,no,yes
16991,yes,no,no,no,no,yes
17001,no,no,yes,no,no,yes
17011,no,yes,yes,yes,no,yes
17017,no,yes,no,no,no,yes
17038,yes,no,no,no,no,yes
17039,no,yes,no,no,no,yes
17054,yes,no,yes,yes,yes,yes
17057,no,no,yes,no,no,yes
17059,no,no,no,yes,no,yes
17069,no,yes,yes,yes,no,yes
17081,no,yes,no,yes,yes,yes
17083,no,no,yes,yes,no,yes
17086,yes,no,yes,yes,no,yes
17106,yes,no,no,yes,yes,yes
17109,yes,no,no,no,no,yes
17118,yes,no,no,no,no,yes
17119,yes,no,yes,yes,yes,yes
17124,yes,yes,no,yes,yes,yes
17163,no,yes,no,no,no,yes
17171,yes,yes,yes,yes,no,yes
17177,no,no,yes,no,no,yes
17183,no,yes,yes,yes,no,yes
17185,yes,yes,no,no,no,yes
17190,yes,yes,yes,yes,yes,yes
17194,no,no,yes,yes,no,yes
17196,yes,yes,yes,yes,yes,yes
17198,no,yes,no,no,no,yes
17203,no,no,no,yes,no,yes
17207,yes,yes,yes,yes,no,yes
17212,yes,no,yes,no,yes,yes
17228,no,yes,no,no,no,yes
17229,yes,no,no,no,no,yes
17242,no,no,yes,yes,no,yes
17246,no,no,no,yes,no,yes
17248,no,no,no,yes,no,yes
17250,yes,yes,yes,yes,yes,yes
17251,yes,no,yes,yes,yes,yes
17252,no,no,no,yes,no,yes
17254,yes,yes,yes,yes,yes,yes
17257,no,no,no,yes,no,yes
17258,yes,yes,yes,yes,yes,yes
17261,yes,yes,yes,yes,yes,yes
17264,yes,yes,yes,yes,yes,yes
17267,no,no,yes,yes,no,yes
17268,no,no,no,yes,no,yes
17271,yes,yes,yes,yes,yes,yes
17274,no,no,yes,yes,no,yes
17279,no,no,no,yes,no,yes
17283,yes,yes,yes,yes,yes,yes
17284,no,no,no,yes,no,yes
17292,yes,yes,yes,yes,yes,yes
17295,no,no,no,yes,no,yes
17296,no,yes,no,no,no,yes
17302,yes,yes,yes,yes,yes,yes
17304,no,no,no,yes,no,yes
17305,no,no,yes,yes,no,yes
17310,no,yes,yes,yes,yes,yes
17313,yes,yes,yes,yes,no,yes
17318,no,no,yes,yes,no,yes
17323,yes,no,yes,yes,no,yes
17331,no,no,yes,yes,no,yes
17337,no,no,no,yes,no,yes
17340,no,no,no,yes,no,yes
17369,yes,no,yes,yes,yes,yes
17373,yes,yes,yes,yes,yes,yes
17374,no,no,yes,yes,no,yes
17382,no,no,no,no,yes,yes
17401,no,no,no,no,yes,yes
17406,no,yes,yes,no,no,yes
17413,no,no,yes,yes,no,yes
17429,yes,no,yes,no,yes,yes
17430,no,yes,yes,no,no,yes
17439,yes,yes,no,yes,yes,yes
17446,no,yes,no,no,no,yes
17447,no,no,yes,no,no,yes
17450,no,yes,yes,no,yes,yes
17456,yes,no,yes,yes,no,yes
17471,no,yes,no,no,no,yes
17481,no,yes,no,no,no,yes
17490,yes,yes,yes,no,no,yes
17515,no,no,no,yes,yes,yes
17533,no,yes,no,no,no,yes
17546,no,yes,yes,yes,yes,yes
17553,no,no,yes,no,no,yes
17558,yes,yes,yes,yes,yes,yes
17560,yes,yes,yes,yes,no,yes
17562,no,no,yes,no,no,yes
17573,no,no,no,yes,yes,yes
17580,no,no,yes,no,no,yes
17582,no,no,no,no,yes,yes
17583,no,no,yes,yes,no,yes
17587,yes,no,no,yes,yes,yes
17605,yes,yes,yes,yes,yes,yes
17608,yes,yes,no,yes,no,yes
17622,yes,yes,no,no,yes,yes
17628,yes,no,no,yes,yes,yes
17645,yes,yes,yes,yes,yes,yes
17647,no,no,no,no,yes,yes
17657,yes,no,yes,yes,yes,yes
17659,no,no,yes,no,no,yes
17661,no,yes,yes,yes,yes,yes
17662,yes,no,yes,yes,yes,yes
17663,yes,no,yes,yes,no,yes
17682,yes,no,yes,yes,yes,yes
17685,yes,yes,no,yes,yes,yes
17689,yes,no,no,no,no,yes
17704,yes,no,yes,yes,no,yes
17712,no,yes,no,yes,yes,yes
17755,no,no,yes,no,no,yes
17759,no,no,no,no,yes,yes
17761,no,no,yes,yes,yes,yes
17775,yes,no,yes,no,no,yes
17778,no,no,yes,yes,no,yes
1778,no,yes,no,no,no,yes
17785,no,yes,yes,yes,no,yes
17795,yes,no,no,no,no,yes
17797,yes,yes,no,no,no,yes
17823,no,no,yes,no,no,yes
17830,no,no,yes,yes,yes,yes
17833,no,no,no,yes,no,yes
17843,no,no,no,yes,no,yes
17851,no,yes,yes,yes,no,yes
17859,yes,no,no,yes,yes,yes
17896,no,yes,no,no,no,yes
17906,no,no,yes,no,no,yes
17921,yes,yes,no,no,yes,yes
17931,no,yes,no,no,no,yes
17932,no,no,no,yes,no,yes
17940,yes,yes,yes,no,no,yes
17944,no,yes,yes,yes,yes,yes
17950,no,no,no,yes,no,yes
17951,no,yes,no,no,no,yes
17992,no,yes,no,no,no,yes
17994,no,no,yes,no,no,yes
18001,yes,yes,no,yes,no,yes
18008,no,yes,no,no,yes,yes
18012,yes,no,no,yes,no,yes
18020,no,yes,no,no,no,yes
18022,no,yes,no,no,no,yes
18025,no,no,no,no,yes,yes
18026,yes,yes,no,no,yes,yes
18029,no,no,yes,no,no,yes
18044,no,no,yes,no,no,yes
18047,no,yes,no,no,no,yes
18048,yes,yes,no,yes,yes,yes
18053,yes,yes,no,no,yes,yes
18055,no,yes,no,no,no,yes
18056,no,yes,no,no,no,yes
18059,no,yes,no,no,no,yes
18061,no,no,yes,yes,yes,yes
18075,no,no,yes,yes,yes,yes
18088,yes,yes,yes,yes,yes,yes
18091,yes,no,yes,yes,no,yes
18108,no,no,no,no,yes,yes
18110,yes,yes,yes,yes,no,yes
18113,no,no,yes,yes,no,yes
18116,no,yes,yes,no,yes,yes
18119,yes,yes,yes,no,yes,yes
18121,no,no,yes,no,no,yes
18135,no,no,yes,yes,no,yes
18150,yes,no,yes,yes,no,yes
18159,yes,yes,yes,yes,no,yes
18160,yes,no,yes,yes,no,yes
18161,no,yes,no,no,no,yes
18172,no,yes,no,no,no,yes
18190,no,no,no,no,yes,yes
18192,yes,no,no,no,no,yes
18201,no,yes,yes,yes,no,yes
18205,yes,yes,no,yes,yes,yes
18209,no,yes,no,no,no,yes
18288,no,yes,no,no,no,yes
18307,yes,no,no,yes,yes,yes
18312,yes,yes,yes,yes,yes,yes
1832,no,yes,yes,no,no,yes
18335,no,yes,yes,yes,no,yes
18336,yes,yes,no,no,yes,yes
18338,yes,no,yes,yes,no,yes
18382,yes,no,yes,no,no,yes
18386,yes,yes,no,yes,yes,yes
18390,yes,no,no,no,no,yes
18444,no,no,no,yes,no,yes
18446,yes,yes,yes,yes,yes,yes
18447,no,no,no,yes,no,yes
18448,yes,yes,yes,no,yes,yes
18464,yes,yes,yes,no,no,yes
18466,no,yes,no,no,no,yes
18472,yes,no,yes,yes,no,yes
18473,no,yes,no,no,no,yes
18492,yes,yes,yes,yes,yes,yes
18498,no,no,no,no,yes,yes
18505,no,no,yes,yes,no,yes
18518,yes,yes,yes,yes,yes,yes
18525,yes,yes,no,no,no,yes
18536,no,no,no,no,yes,yes
18583,no,yes,no,no,no,yes
18599,yes,yes,no,no,no,yes
18601,no,yes,no,no,no,yes
18622,no,yes,no,no,no,yes
18660,no,yes,no,no,yes,yes
18665,no,no,yes,no,no,yes
18666,yes,yes,no,no,yes,yes
18674,no,no,yes,no,yes,yes
18701,no,no,yes,no,yes,yes
18719,no,yes,no,no,no,yes
18722,no,yes,no,yes,no,yes
18740,yes,yes,yes,yes,yes,yes
18742,no,no,yes,yes,no,yes
18746,no,no,yes,no,no,yes
18748,no,no,yes,no,no,yes
18755,no,yes,no,no,yes,yes
18779,no,no,yes,yes,no,yes
18782,yes,no,yes,yes,no,yes
18835,yes,yes,yes,yes,yes,yes
18860,yes,yes,no,yes,no,yes
18878,no,yes,no,no,no,yes
18925,yes,yes,yes,yes,yes,yes
18926,yes,yes,yes,yes,yes,yes
18933,no,yes,no,no,no,yes
18937,yes,no,no,yes,yes,yes
18941,no,yes,no,no,no,yes
18948,yes,no,no,no,no,yes
18950,no,yes,no,yes,yes,yes
18975,no,no,yes,no,yes,yes
18978,yes,yes,yes,yes,no,yes
19022,yes,no,yes,no,yes,yes
19034,yes,no,no,yes,yes,yes
19035,no,no,yes,no,yes,yes
19057,yes,yes,yes,yes,yes,yes
19066,no,yes,no,no,no,yes
19119,no,yes,no,no,yes,yes
19146,yes,yes,no,yes,yes,yes
19156,no,no,yes,yes,no,yes
19162,yes,yes,no,yes,yes,yes
19170,no,no,yes,no,no,yes
19182,yes,no,yes,yes,yes,yes
19184,no,no,no,yes,yes,yes
19190,no,yes,no,no,no,yes
19206,yes,yes,no,yes,yes,yes
19230,yes,yes,yes,yes,no,yes
19240,no,no,yes,no,no,yes
19245,no,yes,yes,yes,yes,yes
19246,yes,yes,yes,yes,yes,yes
19247,yes,no,no,yes,no,yes
19248,yes,yes,yes,yes,yes,yes
19251,yes,yes,yes,yes,yes,yes
19253,yes,yes,no,no,yes,yes
19272,yes,yes,no,no,yes,yes
19276,no,no,no,yes,no,yes
19285,yes,yes,no,yes,yes,yes
19293,yes,yes,yes,yes,yes,yes
19298,yes,yes,yes,yes,no,yes
19302,no,no,yes,yes,no,yes
19305,no,yes,yes,yes,yes,yes
19308,yes,yes,yes,yes,yes,yes
19309,no,yes,no,no,no,yes
19327,no,yes,no,no,no,yes
19374,yes,no,yes,yes,yes,yes
1940,yes,no,no,yes,yes,yes
19436,yes,no,no,yes,no,yes
19445,no,no,yes,yes,no,yes
19459,no,no,yes,no,yes,yes
19464,no,no,no,no,yes,yes
19469,no,no,no,no,yes,yes
19474,yes,yes,yes,yes,yes,yes
19484,yes,yes,yes,no,yes,yes
19486,yes,yes,no,yes,no,yes
1949,no,no,yes,no,no,yes
19491,no,yes,yes,yes,no,yes
19498,yes,yes,yes,yes,no,yes
19502,yes,yes,yes,yes,no,yes
19504,no,no,no,yes,no,yes
19509,yes,yes,yes,yes,no,yes
19537,no,no,no,no,yes,yes
19544,yes,no,yes,yes,no,yes
19547,yes,no,yes,yes,no,yes
19548,no,no,yes,yes,no,yes
19552,yes,yes,yes,yes,yes,yes
19553,yes,yes,yes,yes,no,yes
19554,no,no,no,yes,no,yes
19555,no,no,yes,yes,no,yes
19556,no,no,yes,yes,no,yes
19558,yes,yes,yes,yes,yes,yes
19562,no,yes,no,no,no,yes
19564,no,no,yes,yes,no,yes
19568,no,no,no,yes,no,yes
19572,no,no,no,yes,no,yes
19575,yes,yes,yes,yes,yes,yes
19581,yes,yes,yes,yes,no,yes
19586,yes,yes,no,no,no,yes
19587,yes,no,no,no,yes,yes
19592,yes,yes,no,yes,no,yes
19594,yes,no,no,no,no,yes
19595,yes,yes,yes,yes,yes,yes
19599,yes,no,no,no,no,yes
19601,yes,no,no,no,yes,yes
19602,yes,no,yes,yes,no,yes
19603,yes,no,no,no,no,yes
19606,yes,no,no,no,yes,yes
19608,yes,no,yes,no,yes,yes
19610,no,no,no,yes,no,yes
19618,no,yes,no,no,no,yes
19622,yes,no,yes,yes,yes,yes
19635,yes,no,no,no,no,yes
19637,yes,yes,no,no,yes,yes
19638,yes,yes,no,yes,yes,yes
19639,yes,yes,yes,yes,yes,yes
19640,no,no,no,yes,yes,yes
19644,yes,no,no,no,no,yes
19650,no,yes,no,no,no,yes
19656,no,yes,no,no,yes,yes
19657,yes,yes,yes,yes,yes,yes
19661,yes,no,yes,no,no,yes
19668,yes,yes,yes,yes,yes,yes
19690,yes,no,no,no,yes,yes
19691,no,yes,yes,yes,no,yes
19693,no,yes,no,no,no,yes
19696,yes,yes,no,no,yes,yes
19698,yes,no,no,yes,no,yes
19699,yes,yes,yes,yes,yes,yes
19711,yes,yes,yes,yes,yes,yes
19713,no,yes,no,no,no,yes
19718,no,yes,no,no,no,yes
19720,no,no,no,no,yes,yes
19728,no,yes,no,no,no,yes
19730,no,yes,no,no,no,yes
19731,yes,yes,no,no,no,yes
19739,no,yes,no,no,yes,yes
19742,no,yes,no,no,no,yes
19743,no,yes,no,no,no,yes
19747,no,yes,no,no,yes,yes
19748,yes,yes,yes,no,yes,yes
19749,no,yes,no,no,no,yes
19753,yes,yes,no,no,no,yes
19758,yes,no,no,yes,yes,yes
19759,no,yes,no,no,no,yes
19764,yes,no,no,no,yes,yes
19766,no,yes,no,no,no,yes
19768,yes,yes,no,yes,yes,yes
19771,yes,no,yes,yes,no,yes
19777,no,yes,yes,no,no,yes
19780,yes,yes,yes,yes,yes,yes
19787,yes,no,no,no,no,yes
19794,yes,yes,no,no,no,yes
19801,yes,no,yes,no,no,yes
19807,no,yes,no,no,no,yes
19812,no,yes,no,no,no,yes
19813,yes,yes,no,no,no,yes
19825,yes,yes,no,yes,no,yes
19826,no,yes,no,no,no,yes
19828,no,yes,no,no,no,yes
19830,no,yes,yes,no,no,yes
19843,no,no,yes,no,no,yes
19845,yes,yes,yes,yes,no,yes
19857,no,yes,no,no,no,yes
19860,yes,no,yes,yes,yes,yes
19863,no,no,yes,no,no,yes
19864,yes,yes,yes,yes,no,yes
19884,no,yes,no,no,no,yes
1989,no,no,yes,no,no,yes
19897,no,yes,yes,no,yes,yes
1990,no,no,no,no,yes,yes
19900,no,no,no,no,yes,yes
19910,no,yes,no,no,no,yes
19911,no,no,no,no,yes,yes
19925,no,yes,no,no,no,yes
19927,no,yes,no,no,no,yes
19930,no,yes,no,no,no,yes
19935,yes,yes,yes,yes,no,yes
19936,yes,yes,yes,yes,no,yes
19937,yes,no,yes,yes,yes,yes
19948,yes,yes,no,no,yes,yes
19953,yes,no,yes,no,yes,yes
19954,no,yes,no,no,no,yes
19964,no,yes,yes,no,no,yes
19968,yes,yes,no,yes,yes,yes
19976,yes,no,no,no,yes,yes
19977,yes,no,yes,yes,yes,yes
19983,no,no,yes,yes,no,yes
20001,no,yes,no,no,no,yes
20005,no,no,yes,no,no,yes
20040,no,yes,no,no,no,yes
20044,no,no,yes,yes,no,yes
2005,no,yes,no,no,no,yes
20051,no,no,no,yes,no,yes
20054,no,yes,no,no,yes,yes
20071,no,yes,no,no,no,yes
20073,no,no,no,no,yes,yes
20079,no,no,no,no,yes,yes
20092,yes,yes,yes,no,no,yes
20126,yes,yes,yes,yes,yes,yes
20155,yes,yes,no,no,yes,yes
20156,yes,yes,yes,no,no,yes
20157,yes,yes,yes,yes,yes,yes
20161,yes,yes,yes,no,yes,yes
20167,yes,yes,yes,yes,yes,yes
20169,no,no,yes,yes,no,yes
20170,no,no,yes,no,no,yes
20171,yes,yes,yes,yes,no,yes
20172,yes,yes,no,no,no,yes
20174,yes,no,no,no,no,yes
20183,no,yes,no,no,no,yes
20188,yes,no,yes,no,no,yes
20201,no,no,yes,no,no,yes
20203,no,no,yes,yes,no,yes
20204,yes,yes,yes,yes,no,yes
20206,yes,yes,no,yes,yes,yes
20208,no,yes,no,no,no,yes
20210,yes,yes,yes,yes,yes,yes
20222,no,no,no,no,yes,yes
20223,no,no,yes,no,no,yes
2023,no,yes,no,no,no,yes
20247,yes,no,no,no,no,yes
20248,no,yes,no,no,yes,yes
20254,yes,yes,no,yes,no,yes
20264,no,no,no,no,yes,yes
20266,no,yes,no,no,no,yes
20293,yes,no,no,no,no,yes
20295,no,no,yes,yes,no,yes
20303,yes,yes,no,no,no,yes
20306,no,no,yes,yes,yes,yes
20313,no,yes,no,no,no,yes
20318,yes,no,no,no,no,yes
20319,no,yes,no,no,no,yes
20320,no,no,yes,yes,no,yes
20321,yes,no,no,no,no,yes
20324,yes,no,yes,no,no,yes
20327,no,no,yes,no,no,yes
20328,yes,no,yes,yes,no,yes
20329,yes,no,yes,no,yes,yes
20332,yes,yes,yes,yes,yes,yes
20333,no,no,yes,no,no,yes
20334,yes,no,yes,yes,no,yes
20335,yes,no,yes,no,no,yes
20336,yes,no,yes,yes,no,yes
20337,no,no,yes,yes,no,yes
20338,no,no,yes,yes,no,yes
20339,no,no,yes,no,no,yes
20340,no,no,yes,no,no,yes
20341,no,no,yes,no,no,yes
20342,yes,yes,yes,yes,yes,yes
20343,no,no,yes,yes,no,yes
20345,no,no,yes,no,no,yes
20346,yes,no,yes,no,yes,yes
20347,yes,no,yes,no,no,yes
20348,no,no,yes,yes,no,yes
20349,no,no,yes,no,no,yes
20350,yes,no,yes,no,no,yes
20351,no,yes,yes,no,no,yes
20352,no,no,yes,no,no,yes
20353,no,no,yes,no,no,yes
20354,no,no,yes,yes,no,yes
20356,no,no,yes,no,no,yes
20357,yes,no,yes,yes,no,yes
20359,yes,no,yes,yes,yes,yes
20361,no,no,yes,no,no,yes
20362,no,no,yes,no,no,yes
20363,no,no,yes,yes,no,yes
20365,no,no,yes,yes,yes,yes
20366,yes,yes,yes,yes,no,yes
20367,no,no,yes,no,no,yes
20368,yes,no,yes,yes,no,yes
20370,no,no,yes,no,no,yes
20371,no,no,yes,no,no,yes
20372,yes,yes,no,yes,yes,yes
20382,yes,yes,yes,yes,yes,yes
20415,yes,yes,yes,yes,yes,yes
20420,no,no,yes,yes,no,yes
20422,yes,yes,yes,yes,yes,yes
20455,no,yes,no,no,no,yes
20458,no,yes,no,no,no,yes
20509,no,no,no,no,yes,yes
20546,no,yes,no,no,no,yes
20581,no,yes,yes,no,yes,yes
20594,no,yes,no,yes,no,yes
20602,yes,no,no,yes,yes,yes
20648,yes,no,no,no,no,yes
20649,yes,no,yes,no,no,yes
20652,no,no,yes,yes,no,yes
20654,yes,no,yes,no,no,yes
20655,yes,yes,yes,yes,yes,yes
20656,no,no,yes,yes,no,yes
20657,no,yes,yes,yes,yes,yes
20658,yes,yes,yes,yes,yes,yes
20660,yes,no,yes,yes,yes,yes
20664,no,yes,yes,yes,yes,yes
20666,yes,yes,yes,yes,yes,yes
20667,no,no,yes,no,no,yes
20668,yes,yes,yes,yes,yes,yes
20671,no,yes,no,no,no,yes
20677,no,no,yes,no,no,yes
20678,no,no,yes,yes,no,yes
20679,no,no,yes,no,no,yes
2069,no,no,yes,yes,no,yes
20696,no,yes,no,no,no,yes
20698,no,yes,no,no,yes,yes
20700,yes,yes,yes,yes,yes,yes
20703,no,no,yes,no,no,yes
20708,yes,yes,no,yes,yes,yes
20711,yes,yes,yes,yes,yes,yes
20717,yes,yes,yes,yes,yes,yes
20722,no,no,yes,yes,no,yes
20741,yes,yes,yes,yes,yes,yes
2078,no,yes,no,no,no,yes
2113,no,yes,no,no,no,yes
2122,no,yes,no,no,no,yes
2144,yes,yes,no,no,no,yes
2189,no,yes,yes,no,no,yes
2211,no,no,yes,no,no,yes
2222,no,yes,no,no,no,yes
2261,no,yes,no,no,no,yes
2272,yes,yes,yes,yes,yes,yes
2306,no,no,no,yes,no,yes
2336,yes,yes,yes,yes,yes,yes
2338,no,no,no,no,yes,yes
2351,no,yes,no,no,no,yes
2353,no,yes,no,no,no,yes
2355,no,no,no,no,yes,yes
2362,no,yes,no,no,no,yes
2372,no,no,yes,no,no,yes
2378,no,no,yes,no,no,yes
2379,no,yes,no,no,yes,yes
2391,no,no,yes,no,no,yes
2409,no,no,no,no,yes,yes
2419,yes,no,no,no,yes,yes
2426,yes,no,no,no,yes,yes
2428,no,yes,no,no,no,yes
2434,no,yes,no,no,no,yes
2437,no,yes,yes,no,no,yes
2443,no,yes,no,no,no,yes
2445,no,no,yes,no,no,yes
2472,no,no,yes,no,no,yes
2475,no,yes,no,no,no,yes
2479,no,yes,no,no,no,yes
2485,no,no,no,no,yes,yes
2487,no,yes,no,no,no,yes
2496,no,no,yes,no,yes,yes
2510,yes,yes,yes,yes,no,yes
2517,yes,yes,yes,yes,yes,yes
2522,no,yes,yes,yes,no,yes
2538,no,yes,no,no,no,yes
2546,no,no,yes,no,no,yes
2562,no,yes,no,no,no,yes
2606,no,yes,no,no,no,yes
2611,no,yes,no,no,no,yes
2619,yes,no,no,no,yes,yes
2629,yes,no,no,yes,yes,yes
2636,yes,no,yes,yes,yes,yes
2643,no,no,yes,no,yes,yes
2657,no,no,yes,no,no,yes
2658,no,no,yes,yes,no,yes
2661,yes,no,yes,no,no,yes
2665,no,yes,no,no,yes,yes
2667,no,no,no,yes,yes,yes
2672,no,yes,no,no,no,yes
2692,no,yes,no,no,no,yes
2762,no,yes,yes,no,no,yes
2774,no,no,yes,no,no,yes
2775,yes,no,no,no,no,yes
2793,no,no,no,no,yes,yes
2795,no,yes,no,no,no,yes
2799,no,no,yes,no,no,yes
2808,no,yes,no,no,no,yes
2822,no,yes,no,no,no,yes
2823,no,yes,no,no,no,yes
2852,no,yes,no,no,no,yes
2868,yes,no,yes,yes,no,yes
2888,no,no,no,no,yes,yes
2914,yes,no,no,no,yes,yes
2930,no,yes,no,no,no,yes
2942,no,no,yes,yes,no,yes
2945,no,yes,no,no,no,yes
2954,no,no,yes,no,no,yes
2958,no,yes,yes,yes,yes,yes
2961,yes,no,no,no,no,yes
2973,no,yes,no,no,no,yes
2978,no,no,yes,yes,no,yes
2985,yes,yes,no,no,yes,yes
2998,no,yes,no,no,no,yes
2999,no,no,yes,no,yes,yes
3008,no,yes,no,no,no,yes
3017,no,yes,no,no,no,yes
3030,no,no,yes,no,no,yes
3032,no,yes,no,yes,no,yes
3046,yes,no,no,no,yes,yes
3074,no,yes,no,no,no,yes
3078,no,no,yes,yes,no,yes
3079,no,yes,no,no,no,yes
3093,yes,yes,yes,yes,yes,yes
3099,yes,yes,no,no,yes,yes
3110,no,yes,no,yes,no,yes
3119,no,no,no,no,yes,yes
3124,no,no,yes,no,no,yes
3131,no,yes,no,no,no,yes
3140,no,no,yes,no,no,yes
3157,yes,yes,no,yes,no,yes
3166,no,yes,no,no,no,yes
3175,yes,no,no,no,no,yes
3179,no,yes,yes,yes,yes,yes
3194,no,no,yes,yes,yes,yes
3197,no,yes,no,no,no,yes
3203,yes,yes,yes,no,yes,yes
3204,no,yes,no,no,no,yes
3206,no,no,yes,no,no,yes
3214,no,no,no,no,yes,yes
3226,no,yes,no,no,no,yes
3229,no,yes,no,no,no,yes
3236,yes,no,no,no,yes,yes
3240,no,yes,no,no,no,yes
3255,yes,yes,no,yes,yes,yes
3256,no,yes,yes,no,no,yes
3273,no,yes,no,no,no,yes
3279,yes,no,yes,yes,no,yes
3285,yes,no,yes,no,no,yes
3299,no,yes,no,no,no,yes
3313,no,no,no,no,yes,yes
3314,yes,no,no,yes,no,yes
3322,no,yes,no,no,no,yes
3326,no,yes,no,no,no,yes
3331,no,yes,no,no,no,yes
3339,no,yes,no,no,no,yes
3355,yes,yes,no,no,no,yes
3364,no,yes,no,no,no,yes
3369,yes,no,no,no,no,yes
3372,no,yes,no,no,no,yes
3375,no,yes,no,no,no,yes
3389,no,yes,no,no,no,yes
3404,no,yes,yes,no,yes,yes
3408,no,yes,yes,yes,no,yes
3421,no,yes,no,no,no,yes
3425,no,yes,no,no,no,yes
3435,no,no,yes,yes,yes,yes
3443,no,yes,no,no,no,yes
3448,no,yes,no,no,no,yes
3459,no,yes,no,no,no,yes
3461,no,yes,no,no,no,yes
3466,no,yes,no,no,no,yes
3472,no,yes,no,no,no,yes
3479,no,no,no,no,yes,yes
3482,yes,no,no,no,yes,yes
3493,no,yes,no,no,yes,yes
3494,no,yes,no,no,no,yes
3501,no,no,yes,no,no,yes
3521,no,yes,no,no,no,yes
3523,no,yes,no,no,no,yes
3527,no,no,no,yes,yes,yes
3533,no,no,yes,yes,no,yes
3553,no,no,no,no,yes,yes
3559,no,yes,no,no,no,yes
3564,yes,no,yes,yes,yes,yes
3567,no,yes,no,no,no,yes
3578,yes,no,yes,yes,yes,yes
3584,no,no,yes,yes,no,yes
3604,no,yes,no,no,no,yes
3617,no,yes,no,no,no,yes
3628,no,yes,yes,no,no,yes
3629,no,no,yes,yes,yes,yes
3635,no,no,yes,yes,no,yes
3639,yes,yes,yes,no,no,yes
3642,no,yes,no,no,no,yes
3651,no,no,no,no,yes,yes
3661,no,yes,no,no,no,yes
3674,no,yes,yes,no,no,yes
3680,no,yes,no,no,no,yes
3691,no,yes,no,no,no,yes
3693,no,yes,no,no,no,yes
3714,no,no,yes,no,no,yes
3733,no,yes,no,no,no,yes
3734,no,no,no,yes,yes,yes
3780,no,yes,no,no,no,yes
3784,no,yes,no,no,no,yes
3791,yes,no,yes,yes,yes,yes
3795,no,yes,no,no,no,yes
3805,no,yes,no,no,no,yes
3812,no,no,no,yes,no,yes
3827,no,yes,no,no,no,yes
3836,no,no,no,no,yes,yes
3843,no,yes,no,no,no,yes
3844,no,yes,no,no,no,yes
3851,no,no,yes,yes,no,yes
3855,no,yes,no,no,no,yes
3860,no,no,yes,yes,no,yes
3869,no,yes,no,no,no,yes
3871,no,yes,no,no,no,yes
3875,no,yes,yes,yes,no,yes
3879,no,yes,no,no,no,yes
3889,yes,yes,no,no,yes,yes
3900,no,yes,no,no,no,yes
3903,yes,no,yes,no,yes,yes
3904,no,yes,yes,yes,yes,yes
3911,no,yes,yes,yes,no,yes
3928,no,yes,no,no,no,yes
3929,no,yes,no,no,no,yes
3941,no,yes,no,no,no,yes
3949,yes,yes,no,no,no,yes
3951,no,yes,no,no,no,yes
3962,no,no,yes,yes,no,yes
3963,no,no,no,no,yes,yes
3966,yes,yes,no,yes,no,yes
3971,no,no,no,no,yes,yes
3973,no,yes,no,no,no,yes
3981,no,yes,no,no,no,yes
3992,no,yes,yes,no,yes,yes
3996,no,no,yes,no,no,yes
4002,no,yes,no,no,no,yes
4007,no,no,yes,yes,no,yes
4010,no,no,no,no,yes,yes
4039,no,yes,no,no,no,yes
4046,no,yes,no,no,no,yes
4063,no,no,no,yes,no,yes
4064,no,yes,no,no,no,yes
4069,no,no,no,yes,no,yes
4081,yes,yes,yes,yes,yes,yes
4093,yes,yes,no,no,yes,yes
4097,no,yes,no,no,no,yes
4109,yes,no,no,no,no,yes
4122,yes,no,no,no,no,yes
4128,no,yes,no,no,no,yes
4136,no,no,yes,yes,no,yes
4174,no,no,no,no,yes,yes
4177,no,yes,no,no,no,yes
4178,yes,no,no,no,no,yes
4186,no,no,yes,yes,yes,yes
4191,no,no,no,yes,no,yes
4197,no,yes,no,no,yes,yes
4202,no,no,no,yes,no,yes
4205,no,no,yes,no,no,yes
4216,no,no,no,no,yes,yes
4224,yes,no,yes,no,no,yes
4227,no,no,yes,no,yes,yes
4229,no,yes,no,no,no,yes
4230,no,no,yes,no,no,yes
4232,no,yes,no,no,no,yes
4237,no,yes,no,no,no,yes
4245,no,no,yes,no,no,yes
4263,no,no,yes,no,no,yes
4265,no,yes,no,no,yes,yes
4276,yes,no,no,no,no,yes
4277,no,yes,no,yes,no,yes
4278,no,yes,no,no,no,yes
4280,no,yes,no,yes,yes,yes
4281,no,no,no,no,yes,yes
4292,no,yes,no,no,no,yes
4302,no,yes,no,no,no,yes
4315,no,yes,yes,yes,yes,yes
4335,no,no,no,no,yes,yes
4346,no,yes,no,no,no,yes
4348,no,no,yes,no,no,yes
4360,no,yes,no,no,no,yes
4361,no,no,yes,no,no,yes
4366,no,no,yes,no,no,yes
4368,no,yes,no,no,no,yes
4371,no,no,yes,no,no,yes
4390,yes,no,no,no,no,yes
4402,no,no,yes,no,no,yes
4403,yes,no,no,no,yes,yes
4405,no,yes,no,no,no,yes
4408,no,yes,no,no,no,yes
4411,yes,no,no,yes,no,yes
4417,no,yes,no,no,no,yes
4419,no,no,yes,no,no,yes
4438,no,yes,no,no,no,yes
4443,no,yes,no,no,no,yes
4449,yes,no,no,no,no,yes
4451,no,yes,no,no,no,yes
4454,yes,no,no,no,no,yes
4462,no,yes,yes,no,yes,yes
4485,yes,yes,no,yes,yes,yes
4489,no,yes,no,no,no,yes
4498,no,yes,no,no,no,yes
4511,yes,no,no,no,no,yes
4514,no,yes,no,no,no,yes
4515,yes,no,no,no,no,yes
4518,no,yes,no,no,no,yes
4521,no,yes,no,no,no,yes
4525,no,yes,no,no,no,yes
4534,no,no,yes,yes,no,yes
4538,no,yes,no,yes,yes,yes
4551,no,yes,no,no,no,yes
4555,no,yes,no,no,no,yes
4556,no,yes,no,no,no,yes
4574,yes,no,no,yes,no,yes
4584,yes,no,no,no,yes,yes
4597,no,yes,no,no,no,yes
4600,no,no,yes,no,no,yes
4602,no,no,no,yes,no,yes
4618,yes,yes,yes,no,yes,yes
4628,yes,yes,no,no,no,yes
4631,yes,yes,yes,yes,yes,yes
4632,yes,yes,no,no,no,yes
4634,no,yes,no,no,no,yes
4645,no,no,no,yes,no,yes
4659,yes,yes,yes,yes,no,yes
4662,no,yes,no,no,no,yes
4665,yes,no,no,no,no,yes
4668,yes,yes,yes,no,no,yes
4681,no,yes,no,no,no,yes
4695,no,no,no,no,yes,yes
4706,yes,no,yes,no,no,yes
4709,no,yes,no,no,no,yes
4711,no,yes,no,no,no,yes
4718,no,yes,no,no,no,yes
4719,no,yes,no,no,no,yes
4729,no,no,no,no,yes,yes
4736,yes,no,yes,yes,yes,yes
4737,no,no,yes,no,no,yes
4738,no,yes,no,yes,yes,yes
4740,yes,yes,no,no,yes,yes
4741,no,yes,no,no,no,yes
4746,no,yes,yes,yes,no,yes
4771,yes,yes,no,no,yes,yes
4772,yes,yes,no,no,no,yes
4774,yes,no,no,no,no,yes
4779,no,yes,yes,no,yes,yes
4781,yes,no,yes,no,yes,yes
4783,no,no,yes,yes,no,yes
4784,no,yes,no,no,no,yes
4794,no,no,yes,no,no,yes
4796,yes,no,no,no,yes,yes
4801,yes,yes,yes,no,yes,yes
4808,no,no,yes,no,no,yes
4817,no,yes,no,no,no,yes
4823,no,no,no,yes,no,yes
4826,yes,yes,no,no,yes,yes
4831,no,yes,no,no,no,yes
4839,no,yes,no,no,no,yes
4841,no,yes,yes,no,no,yes
4842,yes,no,no,no,no,yes
4849,no,yes,no,no,no,yes
4858,no,no,yes,yes,no,yes
4861,no,yes,no,no,no,yes
4875,no,no,yes,no,yes,yes
4890,no,yes,no,no,no,yes
4902,no,no,yes,yes,no,yes
4903,no,yes,no,no,no,yes
4904,no,yes,no,no,no,yes
4908,no,no,yes,no,no,yes
4913,no,yes,no,no,no,yes
4914,yes,yes,yes,no,yes,yes
4938,no,yes,no,no,no,yes
4945,yes,yes,no,yes,no,yes
4953,no,no,yes,no,no,yes
4954,no,no,yes,no,no,yes
4957,yes,no,no,no,no,yes
4959,no,yes,no,no,no,yes
4961,no,yes,no,no,no,yes
4964,yes,yes,yes,yes,yes,yes
4976,no,no,no,no,yes,yes
4977,no,yes,no,no,no,yes
4982,no,yes,no,no,no,yes
4993,no,yes,no,no,no,yes
4995,yes,no,no,no,no,yes
5005,no,yes,no,no,no,yes
5009,no,yes,yes,yes,no,yes
5013,no,no,no,no,yes,yes
5028,no,yes,no,no,no,yes
5029,no,yes,no,no,no,yes
5033,yes,yes,no,yes,yes,yes
5043,no,yes,no,no,no,yes
5052,no,no,no,no,yes,yes
5055,yes,yes,yes,yes,yes,yes
5056,yes,no,no,no,yes,yes
5058,yes,yes,no,no,no,yes
5062,no,no,no,no,yes,yes
5068,no,yes,no,no,yes,yes
5092,no,yes,no,no,no,yes
5098,no,no,yes,no,no,yes
5109,no,no,yes,no,no,yes
5113,yes,no,no,no,yes,yes
5116,no,no,yes,no,no,yes
5147,no,yes,no,no,no,yes
5153,no,yes,no,no,no,yes
5160,no,no,yes,no,no,yes
5163,no,yes,no,no,no,yes
5167,yes,no,yes,yes,yes,yes
5183,yes,yes,yes,no,yes,yes
5194,no,no,no,yes,no,yes
5196,no,yes,no,no,yes,yes
5198,no,yes,no,no,no,yes
5200,yes,yes,yes,yes,yes,yes
5202,no,yes,no,no,no,yes
5203,no,no,no,yes,no,yes
5205,no,yes,no,no,no,yes
5206,no,yes,no,no,no,yes
5216,no,yes,yes,yes,yes,yes
5218,no,no,no,yes,no,yes
5225,no,yes,no,no,no,yes
5227,yes,no,yes,yes,no,yes
5228,no,yes,no,no,no,yes
5233,yes,yes,yes,yes,yes,yes
5234,no,yes,no,no,no,yes
5246,yes,yes,yes,yes,yes,yes
5252,yes,no,yes,yes,yes,yes
5253,yes,yes,no,no,no,yes
5256,yes,yes,yes,yes,yes,yes
5260,no,no,no,yes,no,yes
5263,yes,yes,no,no,no,yes
5269,yes,yes,no,no,no,yes
5272,yes,yes,yes,yes,yes,yes
5279,no,no,no,yes,no,yes
5280,yes,yes,no,no,no,yes
5282,no,no,no,no,yes,yes
5285,no,yes,no,no,yes,yes
5307,no,no,no,yes,no,yes
5308,yes,yes,yes,yes,yes,yes
5309,yes,yes,yes,yes,yes,yes
5316,yes,yes,no,no,no,yes
5318,yes,yes,yes,yes,yes,yes
5320,no,yes,no,no,no,yes
5321,yes,yes,yes,yes,yes,yes
5326,yes,no,yes,yes,no,yes
5328,no,no,no,yes,no,yes
5334,yes,yes,no,yes,yes,yes
5337,yes,yes,yes,yes,yes,yes
5347,no,yes,no,no,no,yes
5352,no,yes,no,no,no,yes
5357,yes,yes,yes,yes,yes,yes
5358,yes,yes,yes,yes,yes,yes
5361,no,no,no,yes,no,yes
5362,yes,yes,yes,yes,yes,yes
5363,no,yes,no,no,no,yes
5364,no,yes,no,no,yes,yes
5366,no,yes,no,no,no,yes
5370,no,no,no,no,yes,yes
5374,no,no,yes,no,yes,yes
5379,yes,yes,yes,yes,no,yes
5380,no,no,yes,yes,no,yes
5387,no,yes,no,no,yes,yes
5394,no,yes,no,no,no,yes
5396,no,yes,no,no,no,yes
5397,no,yes,no,no,no,yes
5402,no,yes,no,no,no,yes
5404,yes,no,yes,yes,yes,yes
5408,no,yes,no,no,no,yes
5411,no,yes,yes,yes,yes,yes
5421,yes,no,no,no,yes,yes
5427,no,yes,no,no,no,yes
5440,no,yes,no,no,no,yes
5449,no,yes,no,no,yes,yes
5451,no,no,no,no,yes,yes
5455,yes,yes,no,no,yes,yes
5458,no,no,yes,no,no,yes
5466,no,yes,no,no,no,yes
5468,yes,yes,no,no,yes,yes
5472,yes,yes,yes,yes,no,yes
5473,no,no,no,yes,no,yes
5478,no,no,yes,no,no,yes
5480,yes,no,no,no,no,yes
5492,no,yes,no,no,yes,yes
5493,yes,no,no,no,yes,yes
5494,yes,no,yes,yes,yes,yes
5495,no,no,no,yes,no,yes
5512,no,yes,yes,no,no,yes
5517,no,yes,no,no,no,yes
5531,yes,yes,no,no,yes,yes
5536,no,no,no,no,yes,yes
5538,yes,yes,no,no,yes,yes
5539,yes,yes,yes,yes,yes,yes
5541,yes,yes,yes,no,yes,yes
5559,no,no,no,yes,no,yes
5570,yes,yes,yes,yes,yes,yes
5575,yes,yes,yes,yes,yes,yes
5580,no,yes,no,no,no,yes
5588,no,yes,no,no,no,yes
5589,yes,yes,yes,yes,yes,yes
5590,no,yes,no,no,no,yes
5591,yes,yes,yes,no,yes,yes
5592,no,no,no,yes,no,yes
5595,yes,yes,no,yes,yes,yes
5597,yes,no,no,yes,no,yes
5598,no,yes,no,no,no,yes
5604,no,yes,no,no,no,yes
5609,yes,yes,no,no,yes,yes
5616,no,no,no,no,yes,yes
5624,no,yes,no,no,no,yes
5626,yes,yes,yes,yes,yes,yes
5631,no,yes,no,no,yes,yes
5636,no,no,yes,no,no,yes
5650,no,no,yes,yes,yes,yes
5656,no,yes,no,no,no,yes
5668,yes,no,yes,no,yes,yes
5669,no,yes,no,no,no,yes
5677,no,yes,no,no,no,yes
5683,no,no,no,no,yes,yes
5688,no,yes,no,no,no,yes
5696,no,yes,no,no,yes,yes
5701,yes,yes,yes,yes,yes,yes
5703,yes,yes,yes,yes,yes,yes
5713,no,yes,no,no,no,yes
5724,no,yes,no,no,no,yes
5725,yes,yes,yes,yes,yes,yes
5737,no,yes,no,no,no,yes
5738,yes,yes,yes,yes,yes,yes
5748,no,yes,no,no,yes,yes
5751,yes,yes,no,yes,yes,yes
5752,no,yes,no,no,yes,yes
5755,no,no,no,yes,no,yes
5756,no,yes,no,no,no,yes
5762,no,yes,no,no,no,yes
5765,yes,yes,yes,yes,yes,yes
5777,yes,yes,no,no,no,yes
5779,yes,yes,no,no,no,yes
5789,no,yes,no,no,yes,yes
5793,no,yes,no,no,no,yes
5800,no,yes,no,no,no,yes
5810,no,no,no,no,yes,yes
5811,yes,no,yes,yes,no,yes
5816,yes,yes,no,no,no,yes
5831,yes,yes,yes,no,yes,yes
5832,no,yes,no,no,no,yes
5833,no,no,no,no,yes,yes
5841,yes,no,no,no,yes,yes
5844,no,yes,no,no,no,yes
5853,yes,yes,no,yes,no,yes
5868,yes,yes,no,yes,yes,yes
5870,no,yes,no,no,no,yes
5877,no,yes,no,no,no,yes
5884,no,yes,no,no,no,yes
5885,yes,yes,yes,yes,no,yes
5886,no,yes,no,no,no,yes
5887,no,yes,no,no,no,yes
5893,no,yes,no,no,no,yes
5906,yes,yes,yes,yes,yes,yes
5910,yes,yes,no,no,yes,yes
5916,yes,yes,no,no,no,yes
5923,no,yes,no,no,no,yes
5926,no,yes,no,no,no,yes
5928,no,yes,no,no,no,yes
5937,yes,yes,no,yes,yes,yes
5939,yes,no,no,yes,no,yes
5940,no,yes,no,no,no,yes
5952,no,yes,yes,no,no,yes
5954,no,no,no,no,yes,yes
5956,no,no,yes,yes,no,yes
5963,no,yes,no,no,no,yes
5964,no,no,yes,yes,no,yes
5965,no,yes,no,no,no,yes
5973,yes,yes,no,no,no,yes
5989,no,yes,no,no,no,yes
5990,no,yes,no,no,no,yes
5994,yes,yes,yes,yes,yes,yes
6013,yes,yes,yes,yes,yes,yes
6026,yes,yes,yes,yes,yes,yes
6032,yes,yes,no,no,yes,yes
6033,no,yes,no,no,no,yes
6046,no,yes,no,no,no,yes
6048,no,yes,no,no,no,yes
6049,no,yes,no,no,no,yes
6054,no,yes,no,no,no,yes
6059,no,no,yes,yes,no,yes
6064,yes,yes,no,no,yes,yes
6067,no,yes,no,no,no,yes
6077,yes,no,no,no,no,yes
6093,no,yes,no,no,no,yes
6096,no,yes,no,no,no,yes
6100,yes,yes,no,yes,yes,yes
6104,no,yes,no,no,no,yes
6108,no,yes,no,no,no,yes
6110,no,yes,no,no,no,yes
6113,yes,yes,yes,yes,no,yes
6116,yes,yes,no,no,no,yes
6117,no,yes,no,no,no,yes
6122,no,yes,no,no,no,yes
6130,no,yes,no,no,no,yes
6135,yes,no,no,no,no,yes
6139,yes,yes,no,yes,yes,yes
6142,no,yes,no,no,no,yes
6168,no,yes,no,no,no,yes
6169,no,yes,yes,no,no,yes
6173,yes,yes,no,no,no,yes
6192,no,yes,no,no,no,yes
6208,no,yes,no,no,no,yes
6210,no,yes,no,no,no,yes
6218,yes,yes,yes,yes,yes,yes
6220,no,yes,no,no,no,yes
6223,no,yes,no,no,no,yes
6224,no,yes,no,no,no,yes
6236,no,yes,no,yes,no,yes
6242,no,yes,no,no,yes,yes
6245,no,yes,no,no,no,yes
6246,yes,yes,yes,yes,yes,yes
6250,yes,yes,yes,yes,yes,yes
6251,no,yes,no,no,no,yes
6256,no,yes,no,no,no,yes
6259,no,yes,no,no,no,yes
6266,yes,yes,yes,yes,yes,yes
6270,no,yes,no,no,no,yes
6280,no,yes,no,no,yes,yes
6286,no,yes,no,no,no,yes
6298,no,yes,no,no,no,yes
6300,yes,yes,yes,yes,yes,yes
6311,no,no,no,yes,no,yes
6314,yes,no,yes,yes,no,yes
6317,no,yes,no,no,no,yes
6323,no,yes,no,no,no,yes
6324,no,yes,no,no,no,yes
6354,no,yes,no,no,no,yes
6359,no,yes,no,no,no,yes
6367,yes,no,yes,yes,no,yes
6369,no,yes,no,no,no,yes
6377,no,yes,no,no,no,yes
6380,no,yes,no,no,no,yes
6381,no,yes,no,no,no,yes
6382,no,yes,no,no,no,yes
6384,yes,yes,yes,yes,yes,yes
6385,no,yes,no,no,no,yes
6389,yes,yes,yes,yes,yes,yes
6394,no,yes,no,no,no,yes
6395,no,yes,no,no,no,yes
6397,no,yes,no,no,no,yes
6399,yes,yes,yes,yes,yes,yes
6404,yes,yes,no,no,no,yes
6409,no,yes,no,no,no,yes
6411,yes,no,no,no,no,yes
6419,no,yes,yes,yes,no,yes
6420,yes,no,no,no,no,yes
6421,yes,no,yes,yes,yes,yes
6426,no,yes,no,no,yes,yes
6427,no,yes,no,no,no,yes
6433,yes,no,yes,yes,no,yes
6442,no,yes,no,no,yes,yes
6443,yes,yes,no,no,no,yes
6449,yes,yes,yes,no,no,yes
6454,yes,yes,yes,no,yes,yes
6462,yes,yes,yes,yes,yes,yes
6470,no,no,no,no,yes,yes
6472,no,yes,no,no,no,yes
6492,yes,yes,no,yes,yes,yes
6513,no,no,yes,yes,no,yes
6528,no,yes,no,no,no,yes
6531,yes,yes,yes,no,yes,yes
6540,no,yes,no,no,no,yes
6547,yes,no,yes,no,yes,yes
6551,yes,yes,yes,no,yes,yes
6559,no,no,yes,no,no,yes
6570,yes,no,no,no,yes,yes
6589,no,no,yes,no,no,yes
6590,no,no,no,no,yes,yes
6598,yes,yes,yes,no,yes,yes
6609,no,no,no,no,yes,yes
6610,yes,yes,yes,yes,no,yes
6612,no,no,no,no,yes,yes
6613,no,no,yes,yes,yes,yes
6633,no,yes,no,no,no,yes
6637,no,yes,no,no,no,yes
6640,no,no,no,no,yes,yes
6643,no,no,no,no,yes,yes
6649,no,yes,no,no,no,yes
6657,yes,no,yes,no,no,yes
6666,yes,no,no,no,no,yes
6670,no,no,no,yes,no,yes
6671,no,no,no,no,yes,yes
6681,yes,yes,yes,yes,yes,yes
6683,yes,yes,no,no,no,yes
6684,no,yes,yes,no,yes,yes
6685,no,yes,no,no,no,yes
6686,yes,yes,no,no,no,yes
6693,no,no,no,no,yes,yes
6726,no,yes,no,no,no,yes
6727,no,yes,no,no,yes,yes
6734,no,no,yes,no,no,yes
6742,yes,no,no,no,yes,yes
6743,yes,yes,yes,yes,no,yes
6748,yes,yes,no,no,yes,yes
6749,no,yes,no,no,no,yes
6755,no,yes,no,no,no,yes
6761,no,yes,no,no,no,yes
6762,no,no,yes,no,no,yes
6767,no,yes,yes,no,no,yes
6787,no,no,no,no,yes,yes
6802,no,yes,no,no,no,yes
6810,no,yes,no,no,no,yes
6822,yes,yes,yes,no,yes,yes
6829,yes,no,no,no,yes,yes
6833,no,yes,no,no,no,yes
6835,yes,yes,yes,yes,yes,yes
6838,no,yes,no,no,no,yes
6853,no,no,yes,no,no,yes
6859,no,yes,no,no,no,yes
6867,no,yes,no,no,no,yes
6898,no,yes,no,no,no,yes
6914,no,yes,no,no,no,yes
6919,yes,no,yes,yes,no,yes
6925,yes,yes,no,no,no,yes
6946,no,no,no,no,yes,yes
6964,no,yes,no,no,no,yes
6965,yes,yes,yes,yes,no,yes
6966,no,yes,no,no,no,yes
6968,no,yes,no,no,no,yes
6969,yes,yes,yes,yes,yes,yes
6979,no,yes,no,no,no,yes
6992,yes,yes,yes,yes,yes,yes
6995,no,yes,no,no,no,yes
6996,no,yes,no,no,no,yes
7002,yes,yes,no,no,no,yes
7013,no,no,yes,no,no,yes
7017,no,no,no,no,yes,yes
7018,no,no,yes,no,no,yes
7023,yes,no,no,no,no,yes
7028,no,yes,no,no,no,yes
7034,no,yes,no,no,no,yes
7036,no,no,yes,no,no,yes
7057,no,no,yes,yes,yes,yes
7071,no,no,no,no,yes,yes
7077,yes,yes,no,no,no,yes
7083,no,no,no,no,yes,yes
7084,yes,no,yes,no,yes,yes
7087,no,no,yes,no,yes,yes
7091,no,no,no,no,yes,yes
7092,no,no,yes,no,yes,yes
7093,no,yes,no,no,yes,yes
7094,no,no,no,no,yes,yes
7096,no,no,no,no,yes,yes
7108,no,no,no,no,yes,yes
7112,yes,yes,no,yes,yes,yes
7117,no,no,no,no,yes,yes
7118,no,yes,no,no,no,yes
7120,no,no,no,no,yes,yes
7122,yes,yes,yes,yes,yes,yes
7132,yes,yes,yes,yes,yes,yes
7139,no,yes,no,no,yes,yes
7146,no,no,no,no,yes,yes
7152,no,no,no,no,yes,yes
7153,yes,yes,yes,yes,yes,yes
7170,yes,yes,yes,yes,yes,yes
7174,no,yes,no,no,yes,yes
7180,yes,no,yes,yes,no,yes
7183,no,no,no,no,yes,yes
7184,no,yes,no,no,no,yes
7189,yes,no,no,no,no,yes
7193,yes,yes,no,yes,yes,yes
7194,no,no,no,no,yes,yes
7198,yes,no,yes,yes,no,yes
7201,yes,yes,no,no,no,yes
7211,no,no,no,yes,no,yes
7214,yes,yes,no,no,yes,yes
7226,no,no,no,no,yes,yes
7230,no,no,no,yes,yes,yes
7232,no,yes,no,yes,yes,yes
7238,no,yes,no,no,yes,yes
7242,yes,yes,no,no,yes,yes
7253,yes,yes,yes,yes,yes,yes
7258,no,no,no,no,yes,yes
7262,no,no,no,yes,yes,yes
7275,no,yes,no,no,no,yes
7279,yes,yes,yes,yes,yes,yes
7288,no,yes,no,no,no,yes
7289,no,no,no,yes,no,yes
7292,yes,yes,yes,yes,yes,yes
7298,no,no,no,yes,yes,yes
7305,yes,no,no,no,no,yes
7306,no,no,no,no,yes,yes
7309,no,yes,no,no,yes,yes
7313,no,no,no,no,yes,yes
7330,yes,no,yes,yes,no,yes
7334,no,yes,no,yes,no,yes
7344,yes,yes,yes,yes,yes,yes
7352,no,no,yes,no,no,yes
7362,yes,no,no,no,no,yes
7363,no,no,no,no,yes,yes
7366,no,yes,no,yes,yes,yes
7367,yes,yes,yes,yes,yes,yes
7371,no,no,no,no,yes,yes
7375,no,no,no,no,yes,yes
7383,yes,yes,no,no,yes,yes
7388,yes,yes,yes,yes,yes,yes
7399,no,no,no,no,yes,yes
7406,no,no,no,no,yes,yes
7413,yes,yes,no,yes,yes,yes
7417,no,yes,no,no,no,yes
7419,yes,yes,yes,yes,yes,yes
7420,yes,yes,no,no,yes,yes
7422,yes,yes,no,no,yes,yes
7424,no,no,no,no,yes,yes
7430,yes,yes,no,yes,yes,yes
7433,no,yes,no,no,no,yes
7446,no,yes,no,no,yes,yes
7449,no,no,no,no,yes,yes
7452,yes,no,no,no,no,yes
7460,no,yes,no,no,no,yes
7462,no,no,yes,no,no,yes
7463,no,yes,no,no,no,yes
7470,no,no,no,no,yes,yes
7482,no,no,yes,no,yes,yes
7488,no,no,yes,yes,no,yes
7489,no,yes,no,no,no,yes
7491,no,yes,no,no,no,yes
7492,yes,yes,yes,yes,yes,yes
7505,yes,yes,yes,yes,yes,yes
7506,no,no,no,no,yes,yes
7508,yes,yes,yes,yes,yes,yes
7511,no,yes,no,no,no,yes
7512,yes,yes,no,no,no,yes
7518,yes,yes,yes,yes,yes,yes
7524,no,yes,no,no,no,yes
7538,no,yes,no,no,no,yes
7541,no,yes,no,yes,no,yes
7543,yes,yes,yes,no,yes,yes
7546,no,yes,no,no,no,yes
7548,yes,yes,yes,no,yes,yes
7551,yes,yes,no,no,yes,yes
7552,no,no,no,no,yes,yes
7559,no,no,yes,yes,no,yes
7569,no,yes,no,no,no,yes
7571,no,yes,no,no,no,yes
7575,no,no,yes,no,no,yes
7597,no,yes,no,no,no,yes
7603,yes,no,no,no,no,yes
7605,no,no,yes,yes,no,yes
7607,no,no,no,no,yes,yes
7609,no,yes,no,no,no,yes
7625,yes,yes,yes,yes,yes,yes
7627,no,yes,no,no,no,yes
7630,yes,no,no,no,yes,yes
7634,yes,yes,yes,yes,yes,yes
7655,no,no,no,no,yes,yes
7659,yes,yes,yes,yes,yes,yes
7666,yes,yes,yes,yes,yes,yes
7675,yes,yes,no,no,yes,yes
7676,yes,yes,yes,yes,yes,yes
7681,yes,yes,yes,yes,yes,yes
7683,no,yes,no,no,no,yes
7690,no,yes,no,no,yes,yes
7691,no,no,no,no,yes,yes
7701,no,yes,no,no,no,yes
7704,no,yes,no,no,no,yes
7705,no,yes,yes,no,no,yes
7712,no,no,no,yes,yes,yes
7713,no,yes,no,no,no,yes
7715,yes,yes,yes,no,yes,yes
7725,no,no,no,no,yes,yes
7727,no,yes,no,no,no,yes
7737,no,yes,no,no,no,yes
7743,yes,yes,yes,yes,yes,yes
7746,no,yes,no,no,no,yes
7751,yes,yes,no,no,no,yes
7755,no,yes,no,no,no,yes
7766,no,yes,no,no,no,yes
7770,no,no,yes,no,no,yes
7772,yes,yes,yes,yes,yes,yes
7782,yes,no,yes,yes,no,yes
7783,no,no,yes,yes,no,yes
7787,yes,yes,no,no,yes,yes
7801,no,no,no,yes,yes,yes
7809,no,yes,no,no,no,yes
7816,no,no,no,no,yes,yes
7823,yes,yes,yes,no,no,yes
7828,no,no,yes,no,yes,yes
7830,no,yes,no,no,no,yes
7832,yes,yes,no,no,yes,yes
7839,no,no,yes,yes,no,yes
7858,yes,no,no,no,yes,yes
7889,no,no,no,yes,no,yes
7892,yes,no,yes,yes,no,yes
7894,no,yes,no,no,no,yes
7896,no,yes,no,no,no,yes
7898,no,yes,no,no,no,yes
7902,yes,yes,no,no,no,yes
7906,no,yes,no,no,no,yes
7913,no,no,yes,yes,no,yes
7928,no,yes,no,no,no,yes
7930,no,yes,yes,no,no,yes
7937,no,no,no,yes,no,yes
7940,no,yes,no,no,no,yes
7949,yes,yes,yes,no,no,yes
7951,yes,yes,yes,no,yes,yes
7954,no,yes,no,no,no,yes
7958,no,no,yes,no,no,yes
7966,yes,no,no,no,no,yes
7976,yes,yes,yes,yes,yes,yes
7977,no,yes,no,no,no,yes
7981,yes,no,yes,yes,no,yes
7982,no,yes,no,no,no,yes
7986,yes,yes,no,yes,yes,yes
7990,no,yes,no,no,no,yes
7991,no,yes,yes,no,yes,yes
7997,no,yes,yes,yes,no,yes
7999,no,yes,no,no,no,yes
8000,no,yes,no,no,no,yes
8002,no,no,yes,no,no,yes
8017,no,yes,no,no,no,yes
8018,no,yes,no,no,no,yes
8022,no,yes,no,yes,no,yes
8026,no,yes,no,no,no,yes
8028,no,yes,no,no,no,yes
8049,no,yes,no,no,no,yes
8057,no,yes,no,no,no,yes
8058,yes,yes,yes,yes,yes,yes
8066,yes,yes,yes,yes,yes,yes
8068,no,no,no,yes,no,yes
8070,yes,yes,yes,yes,yes,yes
8076,no,yes,no,no,no,yes
8077,no,yes,no,no,no,yes
8082,yes,yes,no,yes,yes,yes
8084,yes,yes,yes,yes,yes,yes
8087,no,yes,yes,no,no,yes
8089,no,yes,no,no,no,yes
8091,yes,yes,no,yes,no,yes
8093,no,yes,no,no,no,yes
8094,no,yes,no,no,no,yes
8097,no,yes,no,no,no,yes
8099,no,yes,no,no,no,yes
8101,yes,yes,yes,yes,yes,yes
8103,no,yes,yes,no,no,yes
8107,no,yes,no,no,no,yes
8111,no,yes,no,no,no,yes
8115,no,yes,yes,yes,no,yes
8120,no,yes,no,no,no,yes
8121,yes,yes,yes,no,yes,yes
8124,yes,yes,yes,no,yes,yes
8125,yes,no,no,no,no,yes
8127,no,yes,no,no,no,yes
8128,no,yes,no,no,no,yes
8132,no,yes,no,no,no,yes
8141,no,no,yes,yes,no,yes
8143,no,yes,no,no,no,yes
8148,no,yes,no,no,no,yes
8153,no,yes,no,no,no,yes
8155,yes,yes,yes,yes,yes,yes
8158,no,yes,no,no,no,yes
8159,no,yes,no,no,no,yes
8163,no,yes,no,no,no,yes
8169,no,yes,no,no,no,yes
8173,no,yes,no,no,no,yes
8174,no,yes,no,no,no,yes
8175,yes,no,yes,no,no,yes
8181,no,yes,no,no,no,yes
8184,no,yes,no,no,no,yes
8185,yes,yes,no,yes,yes,yes
8186,no,yes,no,no,no,yes
8188,yes,yes,yes,yes,no,yes
8189,no,yes,no,no,no,yes
8190,yes,yes,yes,no,yes,yes
8191,yes,yes,no,no,yes,yes
8193,no,yes,no,no,no,yes
8199,no,yes,no,no,no,yes
8209,no,no,yes,no,no,yes
8210,no,yes,no,no,no,yes
8212,no,yes,no,no,no,yes
8216,no,yes,no,no,no,yes
8220,yes,yes,no,yes,no,yes
8223,no,no,yes,no,no,yes
8228,no,yes,no,no,no,yes
8231,no,yes,no,no,no,yes
8244,no,yes,no,no,no,yes
8245,no,yes,no,no,no,yes
8247,no,yes,no,no,no,yes
8248,no,no,no,no,yes,yes
8269,yes,yes,yes,yes,yes,yes
8274,yes,yes,yes,yes,no,yes
8277,no,yes,no,no,no,yes
8281,no,no,yes,no,no,yes
8290,no,no,yes,no,no,yes
8299,no,yes,no,no,no,yes
8301,no,yes,no,no,no,yes
8307,no,yes,yes,no,no,yes
8310,no,yes,no,no,no,yes
8311,no,yes,no,no,no,yes
8313,no,yes,no,no,no,yes
8315,no,yes,no,no,no,yes
8318,yes,yes,yes,no,yes,yes
8319,no,yes,no,no,no,yes
8324,no,yes,no,no,no,yes
8325,no,yes,no,no,no,yes
8327,no,yes,no,no,no,yes
8328,yes,yes,yes,no,no,yes
8329,no,yes,no,no,no,yes
8332,no,yes,no,no,no,yes
8334,no,yes,no,no,no,yes
8336,no,yes,no,no,no,yes
8337,no,yes,no,no,no,yes
8338,no,yes,no,no,no,yes
8339,yes,yes,no,no,yes,yes
8340,yes,yes,no,no,no,yes
8343,no,yes,no,no,no,yes
8344,no,yes,no,no,no,yes
8345,no,yes,no,no,no,yes
8348,no,yes,no,no,no,yes
8349,yes,yes,yes,no,yes,yes
8350,no,yes,no,no,yes,yes
8351,no,yes,no,no,no,yes
8352,no,yes,no,no,no,yes
8353,yes,yes,yes,yes,yes,yes
8355,no,yes,no,no,no,yes
8356,yes,yes,no,yes,yes,yes
8357,no,yes,no,no,no,yes
8359,no,yes,no,no,no,yes
8360,yes,yes,yes,yes,yes,yes
8362,yes,yes,no,no,yes,yes
8364,no,yes,no,no,no,yes
8365,no,yes,no,no,no,yes
8366,yes,yes,yes,yes,yes,yes
8367,no,yes,no,no,no,yes
8369,no,yes,no,no,no,yes
8374,no,yes,no,no,yes,yes
8375,no,yes,no,no,no,yes
8377,no,yes,no,no,no,yes
8378,no,yes,no,no,no,yes
8379,yes,yes,yes,yes,yes,yes
8382,yes,yes,yes,yes,yes,yes
8383,yes,yes,yes,yes,yes,yes
8384,no,yes,no,no,no,yes
8385,no,yes,no,no,no,yes
8386,yes,yes,yes,yes,yes,yes
8387,yes,yes,no,no,no,yes
8388,no,yes,no,no,no,yes
8390,no,yes,no,no,no,yes
8391,no,yes,no,no,no,yes
8395,no,yes,no,no,no,yes
8397,no,yes,no,no,no,yes
8398,no,yes,no,no,no,yes
8399,no,yes,no,no,no,yes
8400,yes,no,yes,yes,yes,yes
8403,no,yes,no,no,no,yes
8404,no,yes,no,no,no,yes
8406,no,yes,no,yes,yes,yes
8408,yes,no,no,no,no,yes
8410,yes,yes,no,no,no,yes
8412,no,yes,no,no,no,yes
8416,no,yes,no,no,no,yes
8417,no,yes,no,no,no,yes
8418,no,yes,no,no,no,yes
8419,yes,yes,yes,yes,yes,yes
8421,no,yes,no,no,no,yes
8422,no,yes,no,yes,no,yes
8425,no,yes,no,no,no,yes
8426,no,yes,no,no,no,yes
8427,no,yes,no,no,no,yes
8432,yes,yes,no,no,no,yes
8433,no,yes,no,no,no,yes
8434,no,yes,no,no,no,yes
8436,no,yes,no,no,no,yes
8438,yes,yes,yes,yes,yes,yes
8440,yes,yes,yes,yes,yes,yes
8441,no,yes,no,no,no,yes
8442,yes,yes,no,yes,yes,yes
8443,yes,yes,no,yes,no,yes
8444,no,yes,no,no,no,yes
8445,yes,yes,no,yes,yes,yes
8447,no,no,no,yes,no,yes
8450,yes,yes,no,no,no,yes
8451,yes,yes,yes,yes,yes,yes
8452,no,yes,no,no,no,yes
8454,no,yes,no,no,no,yes
8455,no,yes,no,no,no,yes
8457,yes,yes,yes,yes,yes,yes
8459,no,yes,no,no,no,yes
8468,yes,yes,no,no,no,yes
8469,no,yes,no,no,no,yes
8470,no,yes,no,no,no,yes
8473,no,yes,no,no,no,yes
8474,no,yes,no,no,no,yes
8475,no,yes,no,no,no,yes
8476,yes,yes,yes,yes,no,yes
8480,yes,yes,yes,yes,yes,yes
8483,no,yes,no,no,no,yes
8485,yes,yes,yes,no,no,yes
8486,no,yes,no,no,no,yes
8490,no,yes,no,no,no,yes
8493,no,yes,no,no,no,yes
8495,yes,yes,no,no,yes,yes
8499,yes,yes,yes,yes,yes,yes
8501,yes,yes,yes,yes,yes,yes
8505,no,no,yes,yes,no,yes
8506,no,yes,no,no,no,yes
8511,no,no,yes,yes,no,yes
8512,yes,yes,yes,yes,yes,yes
8514,yes,yes,yes,yes,yes,yes
8517,yes,yes,no,yes,yes,yes
8519,no,yes,no,no,yes,yes
8520,no,yes,no,no,no,yes
8521,yes,yes,no,yes,no,yes
8526,no,yes,no,no,no,yes
8528,no,yes,no,no,no,yes
8539,yes,yes,yes,yes,no,yes
8542,no,no,yes,yes,yes,yes
8545,no,yes,no,no,no,yes
8546,yes,yes,yes,yes,no,yes
8548,no,yes,no,no,no,yes
8550,yes,yes,no,no,no,yes
8552,no,yes,yes,yes,no,yes
8553,no,yes,no,no,no,yes
8554,yes,yes,yes,yes,no,yes
8557,yes,no,no,no,yes,yes
8570,no,yes,no,no,no,yes
8571,no,yes,no,no,no,yes
8573,yes,yes,yes,yes,yes,yes
8581,no,yes,no,no,no,yes
8585,no,no,yes,yes,no,yes
8592,no,yes,no,yes,no,yes
8595,yes,no,yes,yes,yes,yes
8597,no,yes,no,no,no,yes
8598,no,yes,no,no,no,yes
8609,yes,yes,yes,yes,no,yes
8612,yes,yes,no,no,no,yes
8615,no,yes,no,no,no,yes
8617,yes,yes,no,no,no,yes
8623,yes,yes,yes,no,yes,yes
8630,no,no,yes,yes,no,yes
8638,no,yes,no,no,no,yes
8644,no,yes,no,no,no,yes
8652,no,yes,no,no,no,yes
8657,no,yes,no,no,no,yes
8664,no,yes,no,no,no,yes
8665,no,yes,no,no,no,yes
8667,no,yes,no,yes,no,yes
8668,no,no,yes,yes,no,yes
8670,no,yes,no,no,no,yes
8673,no,yes,no,no,no,yes
8682,no,yes,no,no,no,yes
8688,no,yes,no,no,no,yes
8690,no,yes,no,no,no,yes
8691,yes,yes,yes,no,no,yes
8692,no,yes,yes,no,no,yes
8697,no,yes,no,no,no,yes
8701,no,yes,no,no,no,yes
8727,yes,yes,yes,yes,yes,yes
8730,yes,yes,yes,yes,yes,yes
8734,yes,yes,yes,yes,yes,yes
8736,no,yes,no,no,yes,yes
8743,yes,yes,yes,yes,no,yes
8752,no,yes,yes,no,no,yes
8759,yes,yes,no,yes,yes,yes
8763,no,no,no,yes,no,yes
8764,yes,yes,no,no,no,yes
8767,yes,yes,yes,yes,yes,yes
8774,yes,yes,yes,yes,yes,yes
8795,no,yes,no,no,no,yes
8866,yes,no,yes,yes,no,yes
8874,no,no,no,yes,no,yes
8919,yes,yes,yes,yes,yes,yes
8933,no,yes,no,no,no,yes
8939,no,no,no,yes,no,yes
8960,yes,yes,yes,yes,yes,yes
8979,no,yes,no,no,no,yes
9002,no,no,yes,no,no,yes
9029,yes,yes,yes,yes,no,yes
9042,yes,yes,yes,yes,yes,yes
9112,yes,yes,yes,no,no,yes
9141,no,no,no,yes,no,yes
9144,yes,yes,no,no,no,yes
9176,no,no,yes,yes,no,yes
9187,no,no,yes,no,no,yes
9191,yes,no,no,no,no,yes
9225,yes,no,no,no,no,yes
9228,no,no,no,yes,no,yes
9251,yes,yes,yes,yes,no,yes
9271,no,yes,no,no,no,yes
9282,yes,yes,yes,yes,no,yes
9308,no,no,no,no,yes,yes
9323,no,yes,no,no,no,yes
9324,no,no,yes,yes,no,yes
9328,no,yes,yes,no,no,yes
9346,yes,yes,no,no,no,yes
9353,no,no,yes,no,no,yes
9380,no,yes,no,no,no,yes
9393,yes,yes,yes,yes,no,yes
9395,no,yes,yes,yes,no,yes
9407,no,yes,yes,no,no,yes
9410,no,yes,yes,no,no,yes
9423,yes,yes,yes,no,no,yes
9425,yes,yes,yes,no,no,yes
9426,no,yes,yes,yes,no,yes
9428,no,no,yes,no,no,yes
9434,no,no,yes,no,no,yes
9435,yes,no,yes,yes,no,yes
9442,yes,yes,yes,yes,yes,yes
9467,no,yes,no,no,no,yes
9470,no,yes,yes,yes,no,yes
9489,yes,yes,yes,yes,no,yes
9494,no,no,yes,no,no,yes
9509,no,no,no,yes,no,yes
9513,yes,yes,no,yes,no,yes
9514,no,no,yes,no,no,yes
9515,no,no,yes,yes,no,yes
9520,no,no,yes,no,no,yes
9534,no,no,no,yes,no,yes
9535,yes,yes,yes,yes,no,yes
9539,no,yes,yes,yes,no,yes
9544,yes,no,yes,no,no,yes
9546,no,yes,yes,no,no,yes
9547,yes,no,no,no,no,yes
9548,no,no,yes,no,no,yes
9585,no,yes,no,no,no,yes
9603,yes,no,no,no,yes,yes
9611,yes,no,no,yes,yes,yes
9626,yes,no,no,no,yes,yes
9636,yes,no,yes,yes,yes,yes
9657,yes,yes,yes,yes,no,yes
9662,no,yes,yes,no,no,yes
9671,no,no,yes,no,no,yes
9679,yes,yes,yes,yes,yes,yes
9681,yes,no,yes,yes,yes,yes
9686,no,no,no,yes,no,yes
9692,yes,no,no,no,no,yes
9709,no,yes,yes,no,no,yes
9738,yes,yes,yes,yes,yes,yes
9746,no,yes,no,no,no,yes
9751,no,yes,no,no,no,yes
9752,no,yes,no,no,no,yes
9753,no,yes,no,no,no,yes
9754,no,yes,no,no,no,yes
9757,no,yes,no,no,no,yes
9758,no,yes,no,no,no,yes
9759,yes,yes,yes,yes,no,yes
9762,yes,yes,yes,yes,yes,yes
9778,yes,yes,yes,yes,yes,yes
9779,yes,yes,yes,yes,yes,yes
9782,no,no,yes,yes,yes,yes
9789,no,yes,no,no,no,yes
9791,yes,yes,no,no,no,yes
9794,no,yes,yes,no,no,yes
9807,no,yes,no,no,yes,yes
9809,no,yes,no,no,no,yes
9814,no,yes,no,no,no,yes
9815,no,yes,no,no,no,yes
9820,no,yes,no,no,no,yes
9825,yes,yes,no,yes,yes,yes
9828,no,no,yes,no,no,yes
9836,yes,yes,no,no,no,yes
9867,yes,yes,no,no,yes,yes
9872,no,yes,no,no,no,yes
9882,yes,yes,yes,yes,yes,yes
9884,no,yes,no,no,no,yes
9888,no,yes,no,no,no,yes
9894,no,no,yes,no,no,yes
9915,no,no,yes,no,no,yes
9922,yes,yes,yes,yes,yes,yes
9925,no,yes,no,no,no,yes
9938,yes,yes,no,no,yes,yes
9953,no,no,yes,yes,no,yes
9955,yes,yes,yes,yes,yes,yes
9961,yes,no,yes,no,no,yes
9968,yes,yes,no,no,yes,yes
9989,yes,no,no,no,no,yes
